,state_id,month,AQI,lat,lng,population,density,Category,Commercial Consumption,Delivered to Consumers,Electric Power Consumption,Industrial Consumption,Residential Consumption,Vehicle Fuel Consumption,total
0,AK,1,58,61.4802,-143.6454,115053,150,Moderate,1994.0,7622.0,2204.0,774.0,2649.0,0.0,15243.0
1,AK,2,42,61.4802,-143.6454,115053,150,Good,2153.0,7685.0,2068.0,668.0,2796.0,0.0,15370.0
2,AK,3,29,61.4802,-143.6454,115053,150,Good,2118.0,7858.0,2122.0,892.0,2725.0,0.0,15715.0
3,AK,4,31,61.6964,-144.322,120979,161,Good,1426.0,5978.0,1945.0,892.0,1715.0,0.0,11956.0
4,AK,5,24,61.4802,-143.6454,115053,150,Good,909.0,4644.0,1884.0,850.0,1001.0,0.0,9288.0
5,AK,6,21,61.4802,-143.6454,115053,150,Good,563.0,3676.0,1951.0,524.0,638.0,0.0,7352.0
6,AK,7,29,61.4802,-143.6454,115053,150,Good,491.0,3715.0,2222.0,439.0,562.0,0.0,7429.0
7,AK,8,19,61.5467,-143.8536,116876,153,Good,616.0,4139.0,2356.0,543.0,625.0,0.0,8279.0
8,AK,9,18,61.4802,-143.6454,115053,150,Good,857.0,4282.0,1863.0,485.0,1076.0,0.0,8563.0
9,AK,10,26,61.4802,-143.6454,115053,150,Good,1316.0,6131.0,2143.0,923.0,1749.0,0.0,12262.0
10,AK,11,39,61.4802,-143.6454,115053,150,Good,2136.0,13722.0,2339.0,6268.0,2979.0,0.0,27444.0
11,AK,12,49,61.4802,-143.6454,115053,150,Good,2239.0,15351.0,2414.0,7677.0,3021.0,0.0,30702.0
12,AL,1,37,33.3173,-86.8356,259097,412,Good,4318.0,66776.0,33995.0,20837.0,7619.0,6.0,133551.0
13,AL,2,38,33.2297,-86.8105,261173,414,Good,4050.0,57466.0,27255.0,19136.0,7020.0,6.0,114933.0
14,AL,3,43,33.1279,-86.8814,216447,435,Good,2206.0,51858.0,25905.0,20281.0,3461.0,6.0,103717.0
15,AL,4,47,33.1279,-86.8814,216447,435,Good,1914.0,48085.0,24456.0,19521.0,2189.0,6.0,96171.0
16,AL,5,44,33.1231,-86.8856,217175,437,Good,1439.0,50999.0,28957.0,19305.0,1293.0,6.0,101999.0
17,AL,6,38,33.1279,-86.8814,216447,435,Good,1181.0,57789.0,37057.0,18726.0,820.0,6.0,115579.0
18,AL,7,39,33.1369,-86.8778,217130,435,Good,1175.0,59560.0,38385.0,19238.0,756.0,6.0,119120.0
19,AL,8,42,33.1135,-86.8943,218647,439,Good,1142.0,62011.0,40819.0,19327.0,717.0,6.0,124022.0
20,AL,9,37,33.1279,-86.8814,216447,435,Good,1245.0,54765.0,33860.0,18917.0,737.0,6.0,109530.0
21,AL,10,37,33.146,-86.8742,217818,435,Good,1876.0,54521.0,31870.0,19652.0,1116.0,6.0,109041.0
22,AL,11,38,33.2614,-86.8268,269952,414,Good,2521.0,57839.0,33914.0,19100.0,2298.0,6.0,115678.0
23,AL,12,34,33.3429,-86.7456,244699,410,Good,2644.0,59650.0,33767.0,19032.0,4201.0,6.0,119300.0
24,AR,1,30,35.1338,-93.3515,170216,538,Good,7792.0,31688.0,6942.0,9524.0,7423.0,7.0,63376.0
25,AR,2,36,35.1737,-93.3661,174916,542,Good,7655.0,31140.0,7699.0,8131.0,7649.0,6.0,62280.0
26,AR,3,42,35.1597,-93.3612,172738,540,Good,6775.0,32803.0,10955.0,9000.0,6066.0,7.0,65606.0
27,AR,4,41,35.1439,-93.3554,171329,539,Good,4348.0,28364.0,13147.0,8828.0,2035.0,7.0,56729.0
28,AR,5,37,35.123,-93.3476,169355,538,Good,3585.0,21978.0,7915.0,9090.0,1381.0,7.0,43956.0
29,AR,6,42,35.1326,-93.3513,170426,539,Good,3100.0,26892.0,14689.0,8496.0,600.0,7.0,53784.0
30,AR,7,45,35.1433,-93.3548,171889,539,Good,3134.0,26668.0,14470.0,8436.0,621.0,7.0,53336.0
31,AR,8,44,35.1375,-93.3532,170968,539,Good,3153.0,27640.0,15645.0,8336.0,499.0,7.0,55280.0
32,AR,9,44,35.1326,-93.3513,170426,539,Good,3400.0,25128.0,12804.0,8359.0,558.0,7.0,50256.0
33,AR,10,37,35.123,-93.3476,169355,538,Good,3678.0,26766.0,13511.0,8774.0,796.0,7.0,53532.0
34,AR,11,38,35.312,-93.4017,199076,538,Good,5221.0,33045.0,15784.0,8963.0,3072.0,7.0,66092.0
35,AR,12,36,35.1375,-93.3532,170968,539,Good,5221.0,33256.0,15837.0,9050.0,3141.0,7.0,66512.0
36,AZ,1,52,33.2722,-111.7838,603830,463,Moderate,4645.0,42950.0,27579.0,2143.0,8406.0,176.0,85899.0
37,AZ,2,42,33.3992,-111.848,549601,454,Good,4108.0,28948.0,16292.0,1844.0,6545.0,159.0,57896.0
38,AZ,3,58,33.3996,-111.8482,549425,454,Moderate,3379.0,34099.0,23200.0,1864.0,5480.0,176.0,68198.0
39,AZ,4,65,33.4034,-111.8502,547793,454,Moderate,2467.0,35328.0,28302.0,1554.0,2835.0,170.0,70656.0
40,AZ,5,57,33.4034,-111.8502,547793,454,Moderate,2356.0,38169.0,31809.0,1597.0,2231.0,176.0,76338.0
41,AZ,6,58,33.424,-111.8594,553123,455,Moderate,2102.0,41908.0,36739.0,1407.0,1490.0,170.0,83816.0
42,AZ,7,56,33.41,-111.8531,549501,454,Moderate,1959.0,50266.0,45370.0,1521.0,1240.0,176.0,100532.0
43,AZ,8,49,33.4034,-111.8502,547793,454,Good,1963.0,46256.0,41459.0,1393.0,1264.0,176.0,92511.0
44,AZ,9,60,33.4034,-111.8502,547793,454,Moderate,1977.0,39704.0,34858.0,1377.0,1322.0,170.0,79408.0
45,AZ,10,58,33.3996,-111.8482,549425,454,Moderate,2269.0,32592.0,26786.0,1520.0,1841.0,176.0,65184.0
46,AZ,11,46,33.4167,-111.8428,556497,455,Good,2691.0,28158.0,20940.0,1717.0,2640.0,170.0,56316.0
47,AZ,12,44,33.4034,-111.8502,547793,454,Good,3364.0,34492.0,24413.0,2004.0,4535.0,176.0,68984.0
48,CA,1,52,37.347,-120.8032,876602,1680,Moderate,23555.0,195087.0,45260.0,56021.0,68090.0,2161.0,390174.0
49,CA,2,46,37.3497,-120.8042,874131,1677,Good,21545.0,164201.0,39320.0,48959.0,52425.0,1952.0,328402.0
50,CA,3,44,37.3292,-120.7881,879915,1681,Good,22128.0,177219.0,41649.0,56762.0,54518.0,2161.0,354437.0
51,CA,4,50,37.3491,-120.8046,874984,1678,Good,17748.0,148023.0,39063.0,55790.0,33330.0,2092.0,296046.0
52,CA,5,54,37.3136,-120.7666,889193,1681,Moderate,16277.0,140206.0,39330.0,54842.0,27595.0,2161.0,280411.0
53,CA,6,58,37.3087,-120.7481,901631,1680,Moderate,16050.0,154963.0,58693.0,56255.0,21873.0,2092.0,309926.0
54,CA,7,68,37.3194,-120.757,898896,1678,Moderate,17041.0,181926.0,84015.0,58066.0,20642.0,2161.0,363851.0
55,CA,8,86,37.2941,-120.7389,904175,1680,Moderate,16316.0,175144.0,74623.0,63381.0,18663.0,2161.0,350288.0
56,CA,9,72,37.2802,-120.7273,906210,1680,Moderate,19004.0,161277.0,62127.0,57168.0,20886.0,2092.0,322554.0
57,CA,10,56,37.2232,-120.6834,917622,1685,Moderate,19250.0,164940.0,56664.0,62100.0,24764.0,2161.0,329879.0
58,CA,11,54,37.2829,-120.7299,906089,1680,Moderate,22426.0,164762.0,51454.0,53952.0,34838.0,2092.0,329524.0
59,CA,12,50,37.3167,-120.7555,898905,1677,Good,28678.0,214732.0,53883.0,58322.0,71687.0,2161.0,429463.0
60,CO,1,40,39.5061,-106.0894,440368,947,Good,9303.0,51840.0,10002.0,9194.0,23191.0,150.0,103680.0
61,CO,2,43,39.5031,-106.0891,444743,951,Good,8920.0,49636.0,9491.0,8697.0,22393.0,135.0,99272.0
62,CO,3,46,39.5104,-106.0945,441398,948,Good,7333.0,40430.0,7086.0,8816.0,17046.0,150.0,80861.0
63,CO,4,46,39.509,-106.0928,441054,947,Good,5038.0,31445.0,7531.0,7482.0,11250.0,145.0,62891.0
64,CO,5,48,39.5061,-106.0894,440368,947,Good,3466.0,25953.0,9312.0,6074.0,6951.0,150.0,51906.0
65,CO,6,60,39.509,-106.0928,441054,947,Moderate,1850.0,22246.0,11478.0,5417.0,3355.0,145.0,44491.0
66,CO,7,81,39.475,-106.0566,439662,949,Moderate,1767.0,23918.0,13930.0,5378.0,2692.0,150.0,47835.0
67,CO,8,72,39.4274,-105.9995,427941,942,Moderate,1646.0,23308.0,13049.0,5549.0,2914.0,150.0,46616.0
68,CO,9,55,39.446,-106.0175,425885,939,Moderate,1859.0,21318.0,10179.0,5837.0,3298.0,145.0,42636.0
69,CO,10,38,39.4339,-106.003,422974,937,Good,3523.0,25816.0,7302.0,7116.0,7725.0,150.0,51632.0
70,CO,11,36,39.4229,-105.9913,422531,938,Good,5686.0,36185.0,8892.0,8141.0,13321.0,145.0,72370.0
71,CO,12,37,39.4266,-105.9825,425133,940,Good,8790.0,47161.0,8037.0,9001.0,21184.0,150.0,94323.0
72,CT,1,36,41.5307,-72.804,534004,1954,Good,8258.0,33290.0,12780.0,2502.0,9733.0,17.0,66580.0
73,CT,2,38,41.5354,-72.8087,532788,1952,Good,7590.0,30523.0,11856.0,2263.0,8799.0,15.0,61046.0
74,CT,3,42,41.5307,-72.804,534004,1954,Good,6102.0,28221.0,13284.0,2039.0,6780.0,17.0,56443.0
75,CT,4,44,41.5307,-72.804,534004,1954,Good,4189.0,19982.0,10261.0,1590.0,3926.0,16.0,39964.0
76,CT,5,45,41.5307,-72.804,534004,1954,Good,2829.0,18308.0,11528.0,1674.0,2260.0,17.0,36616.0
77,CT,6,57,41.5307,-72.804,534004,1954,Moderate,2212.0,20933.0,15717.0,1546.0,1442.0,16.0,41866.0
78,CT,7,54,41.5307,-72.804,534004,1954,Moderate,2417.0,20580.0,15383.0,1633.0,1130.0,17.0,41160.0
79,CT,8,54,41.5287,-72.8019,537249,1964,Moderate,2544.0,22339.0,17172.0,1593.0,1013.0,17.0,44678.0
80,CT,9,36,41.5307,-72.804,534004,1954,Good,2490.0,19053.0,13723.0,1666.0,1157.0,16.0,38105.0
81,CT,10,29,41.5307,-72.804,534004,1954,Good,3181.0,18597.0,12012.0,1598.0,1790.0,17.0,37195.0
82,CT,11,35,41.5307,-72.804,534004,1954,Good,4922.0,28025.0,16033.0,2281.0,4772.0,16.0,56049.0
83,CT,12,38,41.5307,-72.804,534004,1954,Good,6796.0,29797.0,13746.0,2166.0,7073.0,17.0,59595.0
84,DC,1,43,38.9047,-77.0163,5066973,4434,Good,2111.0,4355.0,,,2221.0,23.0,8710.0
85,DC,2,51,38.9047,-77.0163,5066973,4434,Moderate,2125.0,4320.0,,,2174.0,21.0,8640.0
86,DC,3,47,38.9047,-77.0163,5066973,4434,Good,1596.0,3055.0,,,1436.0,23.0,6110.0
87,DC,4,50,38.9047,-77.0163,5066973,4434,Good,1145.0,2038.0,,,870.0,23.0,4076.0
88,DC,5,57,38.9047,-77.0163,5066973,4434,Moderate,740.0,1269.0,,,506.0,23.0,2538.0
89,DC,6,51,38.9047,-77.0163,5066973,4434,Moderate,632.0,949.0,,,294.0,23.0,1898.0
90,DC,7,69,38.9047,-77.0163,5066973,4434,Moderate,589.0,872.0,,,260.0,23.0,1744.0
91,DC,8,60,38.9047,-77.0163,5066973,4434,Moderate,752.0,999.0,,,224.0,23.0,1998.0
92,DC,9,44,38.9047,-77.0163,5066973,4434,Good,675.0,955.0,,,257.0,23.0,1910.0
93,DC,10,38,38.9047,-77.0163,5066973,4434,Good,937.0,1292.0,,,331.0,23.0,2583.0
94,DC,11,42,38.9047,-77.0163,5066973,4434,Good,1826.0,3233.0,,,1385.0,23.0,6467.0
95,DC,12,47,38.9047,-77.0163,5066973,4434,Good,1630.0,3218.0,,,1564.0,23.0,6435.0
96,DE,1,36,39.161,-75.5202,125931,617,Good,1681.0,8101.0,191.0,3756.0,2474.0,0.0,16203.0
97,DE,2,38,39.161,-75.5202,125931,617,Good,1580.0,8051.0,718.0,3409.0,2345.0,0.0,16103.0
98,DE,3,38,39.161,-75.5202,125931,617,Good,1042.0,5603.0,413.0,2600.0,1548.0,0.0,11206.0
99,DE,4,44,39.161,-75.5202,125931,617,Good,1063.0,5288.0,922.0,2444.0,859.0,0.0,10576.0
100,DE,5,47,39.161,-75.5202,125931,617,Good,473.0,5180.0,1748.0,2524.0,435.0,0.0,10360.0
101,DE,6,41,39.161,-75.5202,125931,617,Good,383.0,6576.0,3700.0,2245.0,249.0,0.0,13153.0
102,DE,7,50,39.161,-75.5202,125931,617,Good,404.0,6898.0,3976.0,2330.0,188.0,0.0,13796.0
103,DE,8,41,39.161,-75.5202,125931,617,Good,415.0,7365.0,4404.0,2365.0,181.0,0.0,14730.0
104,DE,9,38,39.161,-75.5202,125931,617,Good,439.0,4846.0,1754.0,2449.0,202.0,0.0,9690.0
105,FL,1,38,28.6042,-82.4005,704363,822,Good,6290.0,111798.0,90599.0,11380.0,3042.0,486.0,223595.0
106,FL,2,36,28.6049,-82.4052,706641,823,Good,5879.0,105130.0,86366.0,9920.0,2525.0,439.0,210259.0
107,FL,3,41,28.6002,-82.3988,704438,822,Good,5588.0,113941.0,94000.0,11842.0,2024.0,486.0,227881.0
108,FL,4,47,28.6026,-82.3991,703423,822,Good,5471.0,116367.0,97046.0,11578.0,1801.0,471.0,232734.0
109,FL,5,44,28.6019,-82.3987,705237,823,Good,5194.0,134914.0,116654.0,11205.0,1375.0,486.0,269828.0
110,FL,6,33,28.6043,-82.3999,706160,823,Good,4745.0,137734.0,120858.0,10522.0,1138.0,471.0,275468.0
111,FL,7,34,28.5845,-82.4156,721706,834,Good,4596.0,151178.0,134201.0,10901.0,993.0,486.0,302355.0
112,FL,8,36,28.5912,-82.4223,720855,832,Good,4467.0,157558.0,139901.0,11784.0,920.0,486.0,315116.0
113,FL,9,36,28.6063,-82.4001,704457,822,Good,4636.0,143667.0,127392.0,10214.0,953.0,471.0,287333.0
114,FL,10,36,28.6038,-82.4019,704418,822,Good,4673.0,137954.0,121001.0,10763.0,1031.0,486.0,275908.0
115,FL,11,37,28.6043,-82.4006,704394,822,Good,5553.0,110625.0,92050.0,11024.0,1527.0,471.0,221250.0
116,FL,12,37,28.6026,-82.3991,703423,822,Good,5908.0,115658.0,96851.0,10338.0,2075.0,486.0,231316.0
117,GA,1,35,32.8602,-83.5619,581499,536,Good,9250.0,82877.0,33384.0,15383.0,24731.0,129.0,165754.0
118,GA,2,33,32.8686,-83.5674,582006,537,Good,8044.0,66158.0,23388.0,13571.0,21038.0,116.0,132315.0
119,GA,3,45,32.9262,-83.6939,460758,523,Good,5096.0,56254.0,24894.0,13800.0,12336.0,129.0,112509.0
120,GA,4,47,32.9242,-83.6802,464831,524,Good,3745.0,56317.0,30629.0,13516.0,8303.0,125.0,112635.0
121,GA,5,42,32.9482,-83.7036,463393,524,Good,2714.0,53520.0,32308.0,12829.0,5540.0,129.0,107040.0
122,GA,6,35,32.939,-83.6937,464115,521,Good,2272.0,56826.0,38064.0,12008.0,4358.0,125.0,113653.0
123,GA,7,38,32.9368,-83.6983,459969,524,Good,2237.0,59523.0,40348.0,12568.0,4241.0,129.0,119046.0
124,GA,8,39,32.9495,-83.6888,467732,522,Good,2205.0,61399.0,41662.0,13045.0,4358.0,129.0,122798.0
125,GA,9,38,32.9434,-83.6975,461323,523,Good,2252.0,52649.0,33174.0,12660.0,4438.0,125.0,105298.0
126,GA,10,35,32.9291,-83.6959,460837,524,Good,3016.0,57555.0,35053.0,13061.0,6297.0,129.0,115111.0
127,GA,11,41,32.7464,-83.4266,567406,526,Good,6263.0,72311.0,34788.0,15225.0,15911.0,125.0,144623.0
128,GA,12,43,32.7315,-83.425,569294,527,Good,5988.0,71431.0,35857.0,14338.0,15118.0,129.0,142861.0
129,HI,1,20,20.8836,-156.9662,28400,504,Good,148.0,212.0,,7.0,57.0,0.0,424.0
130,HI,2,19,20.8836,-156.9662,28400,504,Good,140.0,200.0,,7.0,52.0,0.0,399.0
131,HI,3,19,20.8836,-156.9662,28400,504,Good,156.0,221.0,,10.0,54.0,0.0,441.0
132,HI,4,16,20.8836,-156.9662,28400,504,Good,177.0,247.0,,10.0,60.0,0.0,494.0
133,HI,5,15,20.8836,-156.9662,28400,504,Good,159.0,216.0,,9.0,49.0,0.0,433.0
134,HI,6,12,20.8836,-156.9662,28400,504,Good,184.0,244.0,,10.0,50.0,0.0,488.0
135,HI,7,14,20.8836,-156.9662,28400,504,Good,179.0,239.0,,9.0,51.0,0.0,478.0
136,HI,8,14,20.8836,-156.9662,28400,504,Good,199.0,255.0,,9.0,47.0,0.0,510.0
137,HI,9,13,20.8836,-156.9662,28400,504,Good,183.0,242.0,,8.0,51.0,0.0,484.0
138,HI,10,18,20.8841,-156.989,28329,490,Good,174.0,230.0,,8.0,48.0,0.0,460.0
139,HI,11,17,20.8836,-156.9662,28400,504,Good,175.0,231.0,,9.0,48.0,0.0,463.0
140,HI,12,16,20.8705,-156.9403,28601,505,Good,185.0,245.0,,8.0,52.0,0.0,490.0
141,IA,1,44,41.876,-92.1919,160289,624,Good,8104.0,44536.0,2276.0,22294.0,11860.0,2.0,89072.0
142,IA,2,46,41.9078,-92.2126,165221,632,Good,9440.0,44261.0,1228.0,19880.0,13711.0,2.0,88522.0
143,IA,3,42,41.8854,-92.1976,162480,628,Good,5375.0,33768.0,1947.0,19378.0,7066.0,2.0,67536.0
144,IA,4,41,41.8768,-92.194,161146,624,Good,3383.0,28578.0,2142.0,18862.0,4190.0,2.0,57157.0
145,IA,5,37,41.8807,-92.195,160846,625,Good,2397.0,23811.0,1455.0,17463.0,2494.0,2.0,47622.0
146,IA,6,47,41.876,-92.1915,160991,626,Good,1930.0,26386.0,5396.0,17724.0,1334.0,2.0,52772.0
147,IA,7,53,41.8806,-92.1944,161910,627,Moderate,1812.0,26037.0,6223.0,16976.0,1023.0,2.0,52073.0
148,IA,8,46,41.9047,-92.2105,164802,631,Good,1822.0,26089.0,5763.0,17538.0,964.0,2.0,52178.0
149,IA,9,40,41.8808,-92.1947,161572,626,Good,1755.0,24665.0,3575.0,18131.0,1202.0,2.0,49330.0
150,IA,10,32,41.8312,-91.8581,165096,632,Good,3303.0,27392.0,4130.0,17634.0,2323.0,2.0,54784.0
151,IA,11,34,41.8188,-91.8359,165992,633,Good,4994.0,36288.0,4132.0,20837.0,6324.0,2.0,72577.0
152,IA,12,40,41.8299,-91.8158,168627,637,Good,6603.0,41078.0,4091.0,21065.0,9316.0,2.0,82155.0
153,ID,1,28,45.2352,-115.0954,53096,961,Good,3065.0,15363.0,2850.0,4064.0,5378.0,6.0,30726.0
154,ID,2,22,45.1936,-115.0761,52019,958,Good,2815.0,13852.0,2704.0,3540.0,4788.0,5.0,27704.0
155,ID,3,26,45.1936,-115.0761,52019,958,Good,2236.0,12471.0,3194.0,3529.0,3506.0,6.0,24942.0
156,ID,4,27,45.2006,-115.0794,52201,959,Good,1515.0,9541.0,2781.0,3032.0,2209.0,6.0,19084.0
157,ID,5,24,45.2179,-115.0851,52657,960,Good,857.0,7511.0,2805.0,2758.0,1085.0,6.0,15022.0
158,ID,6,29,45.2603,-115.0967,52616,959,Good,729.0,6988.0,3225.0,2348.0,680.0,6.0,13976.0
159,ID,7,60,45.1936,-115.0761,52019,958,Moderate,670.0,8666.0,4991.0,2425.0,574.0,6.0,17332.0
160,ID,8,72,45.1936,-115.0761,52019,958,Moderate,787.0,7675.0,3827.0,2412.0,643.0,6.0,15350.0
161,ID,9,42,45.1936,-115.0761,52019,958,Good,1001.0,7865.0,2994.0,2981.0,883.0,6.0,15730.0
162,ID,10,24,45.1936,-115.0761,52019,958,Good,1578.0,9187.0,2251.0,3384.0,1968.0,6.0,18374.0
163,ID,11,28,45.1031,-114.998,51687,944,Good,2088.0,11912.0,2736.0,3489.0,3593.0,6.0,23824.0
164,ID,12,22,45.1628,-115.0551,51249,955,Good,3045.0,15403.0,2928.0,3927.0,5497.0,6.0,30806.0
165,IL,1,40,40.417,-88.8775,1224417,1346,Good,34747.0,149635.0,12332.0,29154.0,73397.0,6.0,299271.0
166,IL,2,44,40.3919,-88.8828,1230492,1350,Good,39198.0,152322.0,8148.0,25085.0,79886.0,5.0,304644.0
167,IL,3,42,40.2434,-89.1046,972247,1216,Good,26170.0,104016.0,9777.0,22771.0,45292.0,6.0,208032.0
168,IL,4,43,40.2503,-89.0835,984938,1221,Good,16846.0,72475.0,9211.0,19097.0,27315.0,6.0,144950.0
169,IL,5,43,40.2434,-89.1046,972247,1216,Good,11551.0,57041.0,7547.0,19198.0,18739.0,6.0,114082.0
170,IL,6,52,40.2434,-89.1046,972247,1216,Moderate,8303.0,53932.0,18650.0,17986.0,8987.0,6.0,107864.0
171,IL,7,51,40.2434,-89.1046,972247,1216,Moderate,8186.0,57100.0,22360.0,18517.0,8030.0,6.0,114199.0
172,IL,8,49,40.2693,-89.1174,994424,1233,Good,7896.0,62371.0,28593.0,18358.0,7519.0,6.0,124743.0
173,IL,9,45,40.2434,-89.1046,972247,1216,Good,9098.0,48926.0,13349.0,18240.0,8234.0,6.0,97853.0
174,IL,10,35,40.2434,-89.1046,972247,1216,Good,12272.0,62353.0,15600.0,20651.0,13824.0,6.0,124706.0
175,IL,11,38,40.4368,-88.8829,1222625,1348,Good,20235.0,99888.0,13799.0,24249.0,41600.0,6.0,199777.0
176,IL,12,41,40.4242,-88.888,1231049,1353,Good,28403.0,120859.0,11462.0,25618.0,55370.0,6.0,241718.0
177,IN,1,36,40.1171,-86.3857,225778,825,Good,14563.0,98640.0,19211.0,39131.0,25579.0,156.0,197280.0
178,IN,2,45,40.1162,-86.3863,225673,825,Good,16134.0,96106.0,17830.0,35698.0,26303.0,141.0,192212.0
179,IN,3,40,40.1239,-86.3776,225936,826,Good,9161.0,73258.0,13852.0,35366.0,14723.0,156.0,146516.0
180,IN,4,44,40.1193,-86.3797,225170,826,Good,5810.0,60357.0,12805.0,32716.0,8875.0,151.0,120714.0
181,IN,5,44,40.1112,-86.3815,224572,826,Good,4023.0,54647.0,13049.0,31752.0,5667.0,156.0,109294.0
182,IN,6,50,40.1263,-86.3849,229553,828,Good,2468.0,53140.0,18341.0,29919.0,2261.0,151.0,106280.0
183,IN,7,51,40.1183,-86.3768,225034,828,Moderate,2697.0,53781.0,18682.0,30129.0,2116.0,156.0,107561.0
184,IN,8,46,40.1239,-86.3776,225936,826,Good,2691.0,55944.0,21217.0,29744.0,2136.0,156.0,111888.0
185,IN,9,42,40.1215,-86.3807,226614,827,Good,3209.0,48548.0,14666.0,28014.0,2508.0,151.0,97096.0
186,IN,10,34,40.1165,-86.3791,224559,826,Good,5207.0,57170.0,17743.0,29000.0,5063.0,156.0,114339.0
187,IN,11,35,40.1193,-86.3797,225170,826,Good,10868.0,80485.0,19469.0,33193.0,16804.0,151.0,160970.0
188,IN,12,35,40.1173,-86.3835,225473,825,Good,11456.0,83913.0,18214.0,35136.0,18950.0,156.0,167825.0
189,KS,1,32,38.1956,-97.4793,201987,809,Good,6150.0,32164.0,1577.0,12599.0,11760.0,78.0,64328.0
190,KS,2,30,38.1851,-97.5415,200376,808,Good,7143.0,34937.0,2028.0,11240.0,14455.0,71.0,69874.0
191,KS,3,32,38.183,-97.5543,202037,808,Good,4063.0,23795.0,2127.0,10845.0,6682.0,78.0,47590.0
192,KS,4,37,38.1836,-97.5503,201517,808,Good,3121.0,20455.0,2249.0,10662.0,4347.0,76.0,40910.0
193,KS,5,28,38.1914,-97.5039,200290,808,Good,1990.0,14745.0,963.0,9681.0,2034.0,78.0,29491.0
194,KS,6,43,38.1617,-97.686,219206,811,Good,1992.0,15975.0,2098.0,10724.0,1085.0,76.0,31950.0
195,KS,7,45,38.1617,-97.686,219206,811,Good,1842.0,17625.0,2379.0,12221.0,1105.0,78.0,35250.0
196,KS,8,45,38.1617,-97.686,219206,811,Good,1974.0,18690.0,2605.0,12974.0,1060.0,78.0,37381.0
197,KS,9,41,38.1617,-97.686,219206,811,Good,1823.0,15116.0,1716.0,10304.0,1197.0,76.0,30232.0
198,KS,10,32,38.1617,-97.686,219206,811,Good,2209.0,16799.0,1624.0,10470.0,2418.0,78.0,33598.0
199,KS,11,33,38.1708,-97.633,223570,813,Good,3926.0,22907.0,1560.0,11457.0,5889.0,76.0,45815.0
200,KS,12,40,38.1705,-97.6347,223426,813,Good,4777.0,27043.0,1742.0,12332.0,8114.0,78.0,54086.0
201,KY,1,36,37.3185,-85.8382,86981,566,Good,6771.0,38319.0,8658.0,12752.0,10137.0,1.0,76638.0
202,KY,2,42,37.3252,-85.8639,88513,571,Good,6899.0,37486.0,8158.0,11952.0,10476.0,1.0,74972.0
203,KY,3,42,37.3202,-85.8384,86942,566,Good,3879.0,28061.0,8279.0,10967.0,4935.0,1.0,56122.0
204,KY,4,45,37.3202,-85.8384,86942,566,Good,2418.0,21403.0,5845.0,10029.0,3109.0,1.0,42805.0
205,KY,5,44,37.3235,-85.8482,87302,566,Good,1565.0,20983.0,7975.0,9767.0,1676.0,1.0,41967.0
206,KY,6,43,37.3202,-85.8384,86942,566,Good,1250.0,21452.0,10431.0,8840.0,929.0,1.0,42903.0
207,KY,7,54,37.3202,-85.8384,86942,566,Moderate,916.0,21963.0,11454.0,8907.0,685.0,1.0,43926.0
208,KY,8,44,37.3202,-85.8384,86942,566,Good,1083.0,22358.0,11356.0,9181.0,736.0,1.0,44715.0
209,KY,9,39,37.3202,-85.8384,86942,566,Good,1308.0,19081.0,7864.0,9009.0,900.0,1.0,38163.0
210,KY,10,37,37.3202,-85.8384,86942,566,Good,1751.0,21595.0,8556.0,9626.0,1660.0,1.0,43189.0
211,KY,11,37,37.3168,-85.845,85842,566,Good,4134.0,31500.0,9584.0,11817.0,5964.0,1.0,63000.0
212,KY,12,37,37.3169,-85.8448,85878,566,Good,4010.0,30047.0,9815.0,10507.0,5714.0,1.0,60094.0
213,LA,1,35,30.7928,-91.8,333672,780,Good,3877.0,132315.0,20206.0,100951.0,7251.0,31.0,264631.0
214,LA,2,37,30.6824,-91.7979,352610,794,Good,4222.0,117219.0,22561.0,82781.0,7627.0,28.0,234438.0
215,LA,3,40,30.7944,-91.8142,338044,784,Good,2994.0,117546.0,24360.0,85951.0,4211.0,31.0,235093.0
216,LA,4,43,30.7837,-91.8259,343187,785,Good,2918.0,115261.0,23650.0,86051.0,2613.0,30.0,230523.0
217,LA,5,41,30.7953,-91.8113,335840,782,Good,2240.0,115941.0,26785.0,85161.0,1725.0,31.0,231883.0
218,LA,6,38,30.7947,-91.8134,337342,783,Good,2140.0,123408.0,34277.0,85721.0,1239.0,30.0,246815.0
219,LA,7,44,30.7932,-91.8085,336937,783,Good,2181.0,135679.0,34385.0,97705.0,1377.0,31.0,271358.0
220,LA,8,46,30.81,-91.8285,340508,782,Good,1843.0,126077.0,33463.0,89643.0,1097.0,31.0,252154.0
221,LA,9,43,30.8676,-91.9162,355963,785,Good,2197.0,100554.0,21787.0,74790.0,1750.0,30.0,201108.0
222,LA,10,42,30.7953,-91.8113,335840,782,Good,2254.0,123057.0,27077.0,91931.0,1764.0,31.0,246114.0
223,LA,11,43,30.7898,-91.7901,332850,779,Good,3076.0,128440.0,25319.0,97045.0,2970.0,30.0,256880.0
224,LA,12,35,30.7932,-91.8085,336937,783,Good,2604.0,129744.0,23386.0,101078.0,2646.0,31.0,259489.0
225,MA,1,39,42.1227,-71.86,1128518,2049,Good,16496.0,57208.0,12429.0,5690.0,22585.0,7.0,114415.0
226,MA,2,42,42.1324,-71.8782,1144846,2070,Good,16241.0,54513.0,11283.0,6214.0,20768.0,6.0,109025.0
227,MA,3,42,42.1359,-71.8848,1150754,2078,Good,12096.0,41515.0,6844.0,5270.0,17298.0,7.0,83030.0
228,MA,4,42,42.1272,-71.8684,1136079,2059,Good,7971.0,27512.0,5115.0,4451.0,9969.0,7.0,55025.0
229,MA,5,44,42.1314,-71.8764,1143245,2068,Good,4758.0,18790.0,5306.0,3335.0,5384.0,7.0,37580.0
230,MA,6,48,42.1227,-71.86,1128518,2049,Good,3271.0,22681.0,13525.0,2751.0,3126.0,7.0,45361.0
231,MA,7,44,42.1227,-71.86,1128518,2049,Good,4781.0,22516.0,11917.0,2734.0,3078.0,7.0,45033.0
232,MA,8,43,42.1227,-71.86,1128518,2049,Good,3523.0,23443.0,15023.0,2392.0,2498.0,7.0,46886.0
233,MA,9,35,42.1272,-71.8684,1136079,2059,Good,4289.0,18351.0,8264.0,2859.0,2933.0,7.0,36703.0
234,MA,10,33,42.1314,-71.8764,1143245,2068,Good,5750.0,22142.0,8508.0,3017.0,4859.0,7.0,44283.0
235,MA,11,37,42.1227,-71.86,1128518,2049,Good,10744.0,32241.0,5973.0,3548.0,11968.0,7.0,64481.0
236,MA,12,38,42.1227,-71.86,1128518,2049,Good,13335.0,44288.0,7324.0,5277.0,18345.0,7.0,88576.0
237,MD,1,37,38.9681,-76.5003,646492,1377,Good,8916.0,32633.0,5189.0,2909.0,15595.0,24.0,65266.0
238,MD,2,41,38.9681,-76.5003,646492,1377,Good,8643.0,31439.0,5537.0,2662.0,14575.0,22.0,62878.0
239,MD,3,43,38.9681,-76.5003,646492,1377,Good,7290.0,25370.0,7088.0,1619.0,9349.0,24.0,50740.0
240,MD,4,46,38.9681,-76.5003,646492,1377,Good,5343.0,22061.0,8800.0,1476.0,6418.0,23.0,44121.0
241,MD,5,50,38.9681,-76.5003,646492,1377,Good,4757.0,15624.0,6150.0,1205.0,3489.0,24.0,31249.0
242,MD,6,45,38.9681,-76.5003,646492,1377,Good,2854.0,13096.0,7508.0,1064.0,1646.0,23.0,26191.0
243,MD,7,54,38.9681,-76.5003,646492,1377,Moderate,3043.0,16372.0,10744.0,1058.0,1502.0,24.0,32743.0
244,MD,8,48,38.9681,-76.5003,646492,1377,Good,2877.0,16765.0,11395.0,1113.0,1356.0,24.0,33530.0
245,MD,9,40,38.9681,-76.5003,646492,1377,Good,3495.0,15111.0,8840.0,1114.0,1638.0,23.0,30221.0
246,MD,10,36,39.1656,-76.8049,825663,1529,Good,3731.0,17566.0,10404.0,1300.0,2107.0,24.0,35132.0
247,MD,11,38,39.1656,-76.8049,825663,1529,Good,7901.0,28286.0,9577.0,1524.0,9260.0,23.0,56571.0
248,MD,12,37,39.1442,-76.7637,854025,1540,Good,7352.0,26403.0,7413.0,1676.0,9938.0,24.0,52806.0
249,ME,1,27,44.2147,-69.7151,93736,641,Good,1484.0,5388.0,1183.0,2161.0,560.0,0.0,10776.0
250,ME,2,31,44.2092,-69.7379,90431,627,Good,1341.0,5718.0,1727.0,2147.0,503.0,0.0,11436.0
251,ME,3,40,44.2142,-69.6293,62675,466,Good,1111.0,4343.0,736.0,2089.0,407.0,0.0,8686.0
252,ME,4,40,44.2137,-69.6263,62336,464,Good,692.0,3425.0,656.0,1848.0,229.0,0.0,6850.0
253,ME,5,38,44.2125,-69.6198,61601,461,Good,440.0,3346.0,1078.0,1699.0,128.0,0.0,6691.0
254,ME,6,44,44.2125,-69.6198,61601,461,Good,285.0,3644.0,1692.0,1605.0,62.0,0.0,7288.0
255,ME,7,32,44.2125,-69.6198,61601,461,Good,300.0,3992.0,2103.0,1533.0,56.0,0.0,7984.0
256,ME,8,36,44.2131,-69.6229,61954,463,Good,292.0,5059.0,3105.0,1608.0,53.0,0.0,10117.0
257,ME,9,29,44.2125,-69.6198,61601,461,Good,320.0,4020.0,2218.0,1425.0,57.0,0.0,8040.0
258,ME,10,20,44.2109,-69.7251,84485,592,Good,520.0,4387.0,2059.0,1684.0,124.0,0.0,8774.0
259,ME,11,25,44.2074,-69.7428,90089,626,Good,924.0,4856.0,1688.0,1950.0,294.0,0.0,9712.0
260,ME,12,26,44.1825,-69.775,93915,643,Good,1326.0,4965.0,1063.0,2114.0,462.0,0.0,9930.0
261,MI,1,39,42.9453,-84.6941,547884,1203,Good,26213.0,118509.0,20019.0,17639.0,54637.0,0.0,237017.0
262,MI,2,41,42.9861,-84.832,502774,1177,Good,27645.0,125372.0,23676.0,17752.0,56299.0,0.0,250744.0
263,MI,3,39,43.0736,-85.0842,411512,1108,Good,19438.0,81702.0,14300.0,15199.0,32765.0,0.0,163404.0
264,MI,4,40,43.0762,-85.0861,411067,1107,Good,12373.0,65305.0,17615.0,13276.0,22042.0,0.0,130611.0
265,MI,5,43,43.0826,-85.0919,410614,1107,Good,8678.0,50715.0,17303.0,11186.0,13547.0,0.0,101429.0
266,MI,6,51,42.9812,-85.0042,420555,1117,Moderate,5102.0,46223.0,25025.0,10232.0,5863.0,0.0,92445.0
267,MI,7,46,43.0049,-84.9856,427301,1115,Good,4748.0,46302.0,26085.0,10181.0,5288.0,0.0,92604.0
268,MI,8,48,42.9941,-85.0159,425318,1119,Good,5300.0,48663.0,28101.0,9893.0,5369.0,0.0,97326.0
269,MI,9,37,42.988,-85.0068,433098,1120,Good,5201.0,41393.0,19369.0,10907.0,5916.0,0.0,82786.0
270,MI,10,32,42.9703,-84.9879,423573,1118,Good,7955.0,54143.0,21354.0,11479.0,13355.0,0.0,108286.0
271,MI,11,35,42.8362,-84.5793,588813,1231,Good,17074.0,89546.0,20345.0,14804.0,37324.0,0.0,179093.0
272,MI,12,39,42.8514,-84.5881,607824,1242,Good,21671.0,100268.0,18861.0,16102.0,43634.0,0.0,200536.0
273,MN,1,36,45.5763,-93.7413,447386,884,Good,16242.0,61333.0,7303.0,14722.0,23019.0,47.0,122666.0
274,MN,2,41,45.5605,-93.7238,457951,895,Good,17293.0,60187.0,5696.0,12742.0,24414.0,42.0,120374.0
275,MN,3,37,45.4837,-93.6367,406295,816,Good,13365.0,47929.0,5028.0,13213.0,16277.0,47.0,95859.0
276,MN,4,34,45.5046,-93.6647,421033,840,Good,7870.0,36839.0,5412.0,13699.0,9813.0,45.0,73678.0
277,MN,5,38,45.4572,-93.6051,395796,800,Good,4898.0,28606.0,6893.0,11383.0,5385.0,47.0,57212.0
278,MN,6,51,45.4607,-93.6553,424088,824,Moderate,2596.0,27583.0,10020.0,12543.0,2379.0,45.0,55166.0
279,MN,7,67,45.4875,-93.6715,418671,818,Moderate,2942.0,26534.0,10876.0,10176.0,2494.0,47.0,53069.0
280,MN,8,49,45.5196,-93.691,412164,812,Good,2999.0,25306.0,9752.0,9889.0,2620.0,47.0,50613.0
281,MN,9,35,45.5196,-93.691,412164,812,Good,3007.0,22791.0,6415.0,10568.0,2756.0,45.0,45582.0
282,MN,10,31,45.4795,-93.6871,443183,852,Good,5572.0,31981.0,9130.0,11929.0,5303.0,47.0,63962.0
283,MN,11,27,45.6536,-93.8464,468707,902,Good,10456.0,47798.0,8828.0,14394.0,14074.0,45.0,95595.0
284,MN,12,29,45.7167,-93.8209,491801,917,Good,14954.0,63256.0,9087.0,17120.0,22049.0,47.0,126513.0
285,MO,1,36,38.2448,-93.4682,785460,847,Good,10911.0,44277.0,4490.0,6903.0,21954.0,19.0,88554.0
286,MO,2,32,38.2957,-93.4336,814948,863,Good,11763.0,47532.0,5647.0,7015.0,23090.0,17.0,95064.0
287,MO,3,43,38.423,-93.1345,608827,788,Good,6321.0,23944.0,1659.0,5514.0,10431.0,19.0,47888.0
288,MO,4,43,38.3893,-93.1369,597442,777,Good,4416.0,18942.0,2893.0,5214.0,6400.0,18.0,37883.0
289,MO,5,38,38.3842,-93.1373,595729,775,Good,3221.0,14292.0,2419.0,4800.0,3833.0,19.0,28584.0
290,MO,6,51,38.472,-93.1309,625343,804,Moderate,2252.0,16020.0,7320.0,4356.0,2074.0,18.0,32040.0
291,MO,7,51,38.472,-93.1309,625343,804,Moderate,2163.0,16009.0,7529.0,4461.0,1837.0,19.0,32018.0
292,MO,8,46,38.472,-93.1309,625343,804,Good,2185.0,16327.0,7877.0,4436.0,1809.0,19.0,32653.0
293,MO,9,46,38.472,-93.1309,625343,804,Good,2373.0,13028.0,4311.0,4386.0,1940.0,18.0,26056.0
294,MO,10,36,38.472,-93.1309,625343,804,Good,3469.0,15896.0,3707.0,5266.0,3435.0,19.0,31792.0
295,MO,11,34,38.3579,-93.4827,840385,892,Good,6245.0,27088.0,3701.0,5756.0,11367.0,18.0,54175.0
296,MO,12,40,38.3579,-93.4827,840385,892,Good,7132.0,29807.0,3087.0,6277.0,13293.0,19.0,59615.0
297,MS,1,37,31.9486,-89.8321,169244,493,Good,3194.0,54623.0,35387.0,11268.0,4772.0,1.0,109245.0
298,MS,2,39,31.8992,-89.8074,173589,490,Good,3144.0,48115.0,28963.0,11212.0,4796.0,1.0,96231.0
299,MS,3,41,32.408,-89.4583,125413,411,Good,2087.0,35459.0,19973.0,10692.0,2706.0,1.0,70918.0
300,MS,4,42,32.408,-89.4583,125413,411,Good,1363.0,41540.0,27997.0,10949.0,1231.0,1.0,83081.0
301,MS,5,40,32.3935,-89.4445,126653,409,Good,987.0,42129.0,28593.0,11750.0,797.0,1.0,84257.0
302,MS,6,35,32.408,-89.4583,125413,411,Good,940.0,46360.0,33557.0,11332.0,530.0,1.0,92720.0
303,MS,7,36,32.3878,-89.4662,126360,413,Good,969.0,48744.0,36236.0,11010.0,529.0,1.0,97489.0
304,MS,8,39,32.4527,-89.4731,122988,410,Good,921.0,48254.0,35839.0,11020.0,473.0,1.0,96508.0
305,MS,9,38,32.408,-89.4583,125413,411,Good,979.0,39929.0,27584.0,10831.0,534.0,1.0,79858.0
306,MS,10,38,32.42,-89.4598,125851,412,Good,1174.0,38350.0,25680.0,10714.0,781.0,1.0,76700.0
307,MS,11,43,31.9486,-89.8321,169244,493,Good,1728.0,40358.0,25840.0,10790.0,1999.0,1.0,80716.0
308,MS,12,39,31.9486,-89.8321,169244,493,Good,1796.0,42279.0,27146.0,11187.0,2149.0,1.0,84558.0
309,MT,1,34,46.6519,-111.9906,58801,740,Good,3376.0,9723.0,341.0,2426.0,3580.0,0.0,19446.0
310,MT,2,34,46.6519,-111.9906,58801,740,Good,3727.0,10229.0,347.0,2267.0,3889.0,0.0,20459.0
311,MT,3,34,46.6559,-112.0065,58534,739,Good,2508.0,7525.0,347.0,2037.0,2633.0,0.0,15050.0
312,MT,4,32,46.6687,-112.0573,57679,736,Good,2164.0,6372.0,410.0,1988.0,1810.0,0.0,12744.0
313,MT,5,27,46.7253,-112.2828,53889,723,Good,1582.0,5063.0,335.0,2023.0,1123.0,0.0,10126.0
314,MT,6,33,46.6561,-112.007,58525,739,Good,871.0,3583.0,486.0,1844.0,381.0,0.0,7165.0
315,MT,7,80,46.6519,-111.9906,58801,740,Moderate,901.0,3532.0,608.0,1775.0,248.0,0.0,7064.0
316,MT,8,65,46.6519,-111.9906,58801,740,Moderate,1221.0,4166.0,686.0,1853.0,406.0,0.0,8332.0
317,MT,9,53,46.6519,-111.9906,58801,740,Moderate,1246.0,4347.0,672.0,1878.0,550.0,0.0,8693.0
318,MT,10,32,46.6519,-111.9906,58801,740,Good,1764.0,5740.0,580.0,2134.0,1261.0,0.0,11479.0
319,MT,11,33,46.6602,-112.0236,58245,738,Good,2371.0,7303.0,374.0,2175.0,2382.0,0.0,14605.0
320,MT,12,32,46.6519,-111.9906,58801,740,Good,2938.0,8730.0,505.0,2444.0,2843.0,0.0,17460.0
321,NC,1,25,35.5116,-79.0644,353917,752,Good,9522.0,68729.0,29804.0,12084.0,17183.0,135.0,137457.0
322,NC,2,24,35.5237,-79.0648,356724,759,Good,8760.0,57350.0,21966.0,11573.0,14929.0,122.0,114700.0
323,NC,3,41,35.5825,-79.0389,333178,744,Good,5682.0,47284.0,22804.0,10886.0,7777.0,135.0,94568.0
324,NC,4,49,35.5721,-78.9915,330084,741,Good,3869.0,35204.0,17432.0,10041.0,3730.0,131.0,70407.0
325,NC,5,47,35.5777,-79.0197,327809,739,Good,2986.0,36651.0,21791.0,9551.0,2188.0,135.0,73302.0
326,NC,6,36,35.573,-78.9933,331173,741,Good,2304.0,41335.0,28794.0,8979.0,1127.0,131.0,82670.0
327,NC,7,44,35.5682,-79.0053,328676,741,Good,2367.0,54394.0,41810.0,8933.0,1148.0,135.0,108787.0
328,NC,8,41,35.5668,-79.013,328071,741,Good,2976.0,53632.0,39825.0,9365.0,1331.0,135.0,107264.0
329,NC,9,39,35.5677,-79.0251,326348,740,Good,2566.0,44405.0,31295.0,9242.0,1170.0,131.0,88809.0
330,NC,10,35,35.5691,-79.0026,328075,740,Good,3496.0,46759.0,31283.0,9732.0,2113.0,135.0,93518.0
331,NC,11,30,35.5277,-79.0135,392444,789,Good,6859.0,65669.0,38287.0,10998.0,9394.0,131.0,131338.0
332,NC,12,34,35.5384,-79.0425,388976,785,Good,5331.0,62003.0,35713.0,10848.0,9976.0,135.0,124006.0
333,ND,1,37,47.2022,-100.4173,91651,768,Good,2223.0,9601.0,1575.0,3835.0,1968.0,0.0,19202.0
334,ND,2,33,47.2022,-100.4173,91651,768,Good,2187.0,8677.0,1083.0,3477.0,1930.0,0.0,17354.0
335,ND,3,35,47.2047,-100.398,92210,769,Good,1827.0,8121.0,1065.0,3612.0,1617.0,0.0,16242.0
336,ND,4,39,47.2022,-100.4173,91651,768,Good,1102.0,6719.0,1350.0,3294.0,973.0,0.0,13438.0
337,ND,5,41,47.2022,-100.4173,91651,768,Good,675.0,5766.0,1306.0,3295.0,490.0,0.0,11532.0
338,ND,6,48,47.2079,-100.4781,89722,765,Good,349.0,5396.0,1766.0,3070.0,211.0,0.0,10792.0
339,ND,7,77,47.2022,-100.4173,91651,768,Moderate,342.0,5144.0,1687.0,2955.0,160.0,0.0,10288.0
340,ND,8,65,47.2022,-100.4173,91651,768,Moderate,398.0,4950.0,1468.0,2898.0,186.0,0.0,9900.0
341,ND,9,39,47.1572,-100.3799,93556,772,Good,384.0,4326.0,931.0,2802.0,209.0,0.0,8652.0
342,ND,10,38,47.2022,-100.4173,91651,768,Good,912.0,5342.0,946.0,2885.0,598.0,0.0,10683.0
343,ND,11,26,47.2022,-100.4173,91651,768,Good,1607.0,6687.0,1016.0,2805.0,1258.0,0.0,13373.0
344,ND,12,32,47.2022,-100.4173,91651,768,Good,1847.0,8282.0,1344.0,3533.0,1557.0,0.0,16563.0
345,NE,1,29,41.2937,-99.0743,285251,959,Good,5125.0,21954.0,640.0,9068.0,7085.0,35.0,43907.0
346,NE,2,32,41.3093,-99.1516,285396,954,Good,6076.0,24062.0,1469.0,8229.0,8257.0,32.0,48125.0
347,NE,3,30,41.2157,-98.6879,284530,987,Good,3302.0,15917.0,456.0,7717.0,4406.0,35.0,31833.0
348,NE,4,31,41.1932,-98.5164,293836,991,Good,2099.0,11988.0,744.0,6731.0,2381.0,34.0,23977.0
349,NE,5,26,41.2255,-98.6989,292306,998,Good,1498.0,9946.0,413.0,6577.0,1423.0,35.0,19892.0
350,NE,6,40,41.0928,-98.4345,249019,923,Good,1586.0,11995.0,1521.0,7743.0,1112.0,34.0,23991.0
351,NE,7,47,41.009,-97.9661,262153,918,Good,1256.0,12631.0,1832.0,8745.0,762.0,35.0,25261.0
352,NE,8,46,40.9598,-97.8745,247459,887,Good,1142.0,12034.0,1595.0,8606.0,656.0,35.0,24068.0
353,NE,9,38,41.0273,-98.2994,230080,889,Good,1188.0,9964.0,441.0,7579.0,723.0,34.0,19929.0
354,NE,10,30,41.0103,-98.1976,234563,884,Good,1478.0,11757.0,581.0,8727.0,937.0,35.0,23515.0
355,NE,11,23,41.1131,-98.6076,248275,887,Good,2945.0,15392.0,828.0,8249.0,3337.0,34.0,30785.0
356,NE,12,25,41.0613,-98.5534,222135,852,Good,4127.0,18611.0,757.0,8393.0,5299.0,35.0,37222.0
357,NH,1,34,43.4745,-71.7637,45177,410,Good,1773.0,6214.0,2041.0,904.0,1495.0,1.0,12428.0
358,NH,2,36,43.4783,-71.7599,45338,411,Good,1580.0,6143.0,2298.0,932.0,1331.0,1.0,12285.0
359,NH,3,41,43.4338,-71.7297,44898,385,Good,1240.0,3938.0,765.0,902.0,1030.0,1.0,7876.0
360,NH,4,40,43.4338,-71.7297,44898,385,Good,723.0,3682.0,1549.0,817.0,592.0,1.0,7364.0
361,NH,5,41,43.4338,-71.7297,44898,385,Good,407.0,3626.0,2243.0,655.0,320.0,1.0,7252.0
362,NH,6,42,43.4338,-71.7297,44898,385,Good,213.0,4621.0,3582.0,674.0,151.0,1.0,9242.0
363,NH,7,35,43.4338,-71.7297,44898,385,Good,221.0,5133.0,4056.0,698.0,156.0,1.0,10265.0
364,NH,8,37,43.4338,-71.7297,44898,385,Good,240.0,5531.0,4472.0,651.0,167.0,1.0,11062.0
365,NH,9,30,43.4338,-71.7297,44898,385,Good,267.0,4996.0,3908.0,647.0,172.0,1.0,9991.0
366,NH,10,27,43.4745,-71.7637,45177,410,Good,503.0,5606.0,4106.0,674.0,322.0,1.0,11212.0
367,NH,11,28,43.425,-71.7884,46898,426,Good,689.0,3556.0,1636.0,728.0,502.0,1.0,7112.0
368,NH,12,31,43.4745,-71.7637,45177,410,Good,1481.0,4930.0,1447.0,802.0,1199.0,1.0,9860.0
369,NJ,1,34,39.6896,-74.7383,206587,1979,Good,25662.0,91315.0,12254.0,6389.0,46973.0,38.0,182631.0
370,NJ,2,37,39.6933,-74.7417,206229,1987,Good,23372.0,86804.0,13624.0,5727.0,44048.0,34.0,173609.0
371,NJ,3,39,39.6896,-74.7383,206587,1979,Good,17257.0,64058.0,12358.0,4510.0,29895.0,38.0,128116.0
372,NJ,4,43,39.6896,-74.7383,206587,1979,Good,10536.0,46669.0,13982.0,3812.0,18303.0,37.0,93339.0
373,NJ,5,46,39.692,-74.7355,207829,1997,Good,8074.0,37755.0,15077.0,4361.0,10205.0,38.0,75510.0
374,NJ,6,43,39.693,-74.7415,206253,1986,Good,7108.0,41455.0,22563.0,4680.0,7067.0,37.0,82910.0
375,NJ,7,49,39.6896,-74.7383,206587,1979,Good,6781.0,43876.0,26716.0,5071.0,5270.0,38.0,87752.0
376,NJ,8,45,39.6896,-74.7383,206587,1979,Good,6140.0,44248.0,28766.0,4595.0,4709.0,38.0,88496.0
377,NJ,9,37,39.6896,-74.7383,206587,1979,Good,5004.0,35609.0,19655.0,5522.0,5391.0,37.0,71218.0
378,NJ,10,35,39.6929,-74.7414,206264,1986,Good,7510.0,42537.0,23017.0,4924.0,7048.0,38.0,85074.0
379,NJ,11,34,39.6896,-74.7383,206587,1979,Good,14045.0,58373.0,18743.0,5295.0,20254.0,37.0,116747.0
380,NJ,12,36,39.6896,-74.7383,206587,1979,Good,18594.0,71393.0,14399.0,5300.0,33063.0,38.0,142787.0
381,NM,1,35,34.2073,-105.9774,126738,538,Good,4219.0,19650.0,6895.0,1462.0,7040.0,34.0,39300.0
382,NM,2,34,34.2043,-105.9817,127471,538,Good,3547.0,16945.0,5916.0,1407.0,6045.0,30.0,33890.0
383,NM,3,43,34.1086,-106.0052,133233,545,Good,3147.0,15867.0,6059.0,1486.0,5141.0,34.0,31734.0
384,NM,4,42,34.2074,-105.981,127499,539,Good,1650.0,11045.0,5615.0,1403.0,2346.0,33.0,22092.0
385,NM,5,47,34.1922,-105.974,127127,537,Good,1309.0,12027.0,7664.0,1487.0,1533.0,34.0,24054.0
386,NM,6,61,34.1666,-106.0493,142353,555,Moderate,1176.0,12461.0,8780.0,1396.0,1076.0,33.0,24922.0
387,NM,7,62,34.1616,-106.0493,142471,555,Moderate,1225.0,12867.0,9211.0,1553.0,845.0,34.0,25735.0
388,NM,8,54,34.012,-106.0819,151846,568,Moderate,1210.0,12518.0,9106.0,1352.0,817.0,34.0,25037.0
389,NM,9,49,34.1185,-106.0594,145306,559,Good,1333.0,10927.0,7311.0,1326.0,924.0,33.0,21854.0
390,NM,10,41,34.2036,-106.0414,140080,553,Good,2112.0,10083.0,5039.0,1343.0,1556.0,34.0,20167.0
391,NM,11,41,34.2098,-106.0235,142830,557,Good,2967.0,12734.0,5275.0,1353.0,3106.0,33.0,25468.0
392,NM,12,39,34.1586,-106.0509,142840,556,Good,3050.0,14838.0,5106.0,1518.0,5131.0,34.0,29677.0
393,NV,1,32,38.721,-118.0163,353165,591,Good,4056.0,29747.0,15530.0,1612.0,8451.0,97.0,59493.0
394,NV,2,30,38.6515,-117.918,380407,638,Good,3501.0,25160.0,12949.0,1427.0,7194.0,88.0,50319.0
395,NV,3,32,38.6451,-117.9105,383124,638,Good,3376.0,25604.0,14431.0,1665.0,6036.0,97.0,51209.0
396,NV,4,38,38.6622,-117.933,376183,631,Good,2250.0,20832.0,14012.0,1498.0,2979.0,94.0,41665.0
397,NV,5,39,38.6689,-117.9424,373532,627,Good,2034.0,19552.0,13510.0,1393.0,2519.0,97.0,39105.0
398,NV,6,43,38.741,-118.043,345071,582,Good,1859.0,25474.0,20541.0,1324.0,1656.0,94.0,50948.0
399,NV,7,64,38.7376,-118.0384,346384,584,Moderate,1690.0,28238.0,23600.0,1368.0,1483.0,97.0,56476.0
400,NV,8,92,38.741,-118.043,345071,582,Moderate,1610.0,26735.0,22418.0,1346.0,1264.0,97.0,53470.0
401,NV,9,56,38.7375,-118.0382,346428,584,Moderate,1733.0,23140.0,18398.0,1392.0,1523.0,94.0,46280.0
402,NV,10,33,38.738,-118.04,346433,580,Good,2319.0,19534.0,13271.0,1523.0,2323.0,97.0,39067.0
403,NV,11,32,38.741,-118.043,345071,582,Good,2637.0,20271.0,13002.0,1404.0,3133.0,94.0,40541.0
404,NV,12,32,38.741,-118.043,345071,582,Good,3674.0,25997.0,14333.0,1607.0,6285.0,97.0,51993.0
405,NY,1,36,42.6155,-76.4359,2173665,2678,Good,43052.0,170335.0,35627.0,9046.0,82514.0,96.0,340670.0
406,NY,2,40,42.6098,-76.433,2199068,2695,Good,41896.0,162601.0,31155.0,9240.0,80223.0,87.0,325202.0
407,NY,3,40,42.6176,-76.4317,2173933,2675,Good,32623.0,130778.0,29200.0,8360.0,60499.0,96.0,261556.0
408,NY,4,39,42.6174,-76.4319,2174623,2676,Good,22755.0,89675.0,23769.0,7647.0,35410.0,93.0,179349.0
409,NY,5,44,42.6113,-76.4476,2201141,2692,Good,17033.0,77250.0,31393.0,6504.0,22224.0,96.0,154500.0
410,NY,6,46,42.623,-76.4264,2153440,2664,Good,14230.0,81297.0,46714.0,5996.0,14263.0,93.0,162593.0
411,NY,7,44,42.6192,-76.4278,2167242,2671,Good,14366.0,84198.0,51676.0,6874.0,11187.0,96.0,168397.0
412,NY,8,42,42.6173,-76.4419,2187160,2683,Good,13858.0,88564.0,57023.0,7208.0,10379.0,96.0,177128.0
413,NY,9,31,42.6001,-76.4351,2189511,2691,Good,14493.0,68150.0,36757.0,6337.0,10469.0,93.0,136299.0
414,NY,10,29,42.617,-76.4319,2166975,2674,Good,16316.0,74137.0,35604.0,6565.0,15556.0,96.0,148274.0
415,NY,11,32,42.6214,-76.4304,2160264,2669,Good,30934.0,113306.0,33723.0,7832.0,40725.0,93.0,226613.0
416,NY,12,36,42.6148,-76.4037,2195404,2694,Good,36244.0,141280.0,34704.0,8122.0,62114.0,96.0,282560.0
417,OH,1,38,40.3131,-82.8594,611153,1116,Good,29287.0,146512.0,33832.0,30725.0,52575.0,94.0,293025.0
418,OH,2,44,40.3066,-82.8631,609098,1114,Good,29833.0,144548.0,28928.0,31463.0,54240.0,85.0,289097.0
419,OH,3,41,40.3067,-82.6764,467888,1002,Good,19231.0,112327.0,30093.0,30011.0,32898.0,94.0,224654.0
420,OH,4,43,40.3029,-82.6793,465698,1000,Good,13044.0,85588.0,25921.0,26336.0,20196.0,91.0,171176.0
421,OH,5,46,40.3061,-82.6738,465250,1000,Good,8677.0,75608.0,30549.0,22860.0,13428.0,94.0,151216.0
422,OH,6,46,40.3081,-82.6766,465684,1000,Good,5817.0,63569.0,30197.0,21257.0,6207.0,91.0,127138.0
423,OH,7,49,40.315,-82.6701,469671,1004,Good,4994.0,65543.0,34156.0,21760.0,4539.0,94.0,131086.0
424,OH,8,46,40.3154,-82.6727,469650,1003,Good,5093.0,70100.0,37954.0,22583.0,4376.0,94.0,140200.0
425,OH,9,40,40.3101,-82.6778,466578,1000,Good,5374.0,60768.0,27797.0,22433.0,5074.0,91.0,121537.0
426,OH,10,33,40.3058,-82.6717,463486,999,Good,8358.0,77869.0,36280.0,22956.0,10181.0,94.0,155738.0
427,OH,11,34,40.3166,-82.851,610229,1116,Good,18891.0,115887.0,36163.0,29627.0,31116.0,91.0,231775.0
428,OH,12,35,40.3086,-82.8609,609733,1115,Good,20850.0,123671.0,36871.0,28009.0,37847.0,94.0,247342.0
429,OK,1,42,35.7105,-96.5573,237318,477,Good,7787.0,65666.0,23349.0,20275.0,14107.0,149.0,131333.0
430,OK,2,46,35.7557,-96.545,244325,487,Good,8455.0,59575.0,22334.0,13743.0,14908.0,135.0,119150.0
431,OK,3,51,35.702,-96.5737,233259,475,Moderate,4628.0,45524.0,14444.0,19506.0,6797.0,149.0,91048.0
432,OK,4,53,35.706,-96.5756,232440,475,Moderate,3153.0,39874.0,14488.0,17795.0,4294.0,145.0,79749.0
433,OK,5,40,35.7102,-96.5777,231571,475,Good,2204.0,40178.0,17174.0,18214.0,2438.0,149.0,80357.0
434,OK,6,51,35.7102,-96.5777,231571,475,Moderate,1673.0,46004.0,28854.0,13868.0,1464.0,145.0,92008.0
435,OK,7,58,35.7102,-96.5777,231571,475,Moderate,1619.0,54596.0,35192.0,16309.0,1325.0,149.0,109190.0
436,OK,8,55,35.7102,-96.5777,231571,475,Moderate,1665.0,54314.0,35194.0,16002.0,1303.0,149.0,108627.0
437,OK,9,57,35.7102,-96.5777,231571,475,Moderate,1748.0,45411.0,25072.0,17123.0,1324.0,145.0,90823.0
438,OK,10,42,35.7102,-96.5777,231571,475,Good,2219.0,42508.0,19721.0,18373.0,2046.0,149.0,85016.0
439,OK,11,37,35.7016,-96.583,233210,474,Good,3967.0,42525.0,14636.0,17698.0,6079.0,145.0,85050.0
440,OK,12,41,35.699,-96.6284,260294,475,Good,4715.0,45328.0,14065.0,18605.0,7793.0,149.0,90655.0
441,OR,1,36,44.2174,-121.9431,225519,1108,Good,4019.0,28677.0,12194.0,5467.0,6992.0,3.0,57352.0
442,OR,2,29,44.2138,-121.9375,225324,1107,Good,4063.0,27805.0,11575.0,5094.0,7070.0,3.0,55610.0
443,OR,3,30,44.2174,-121.9431,225519,1108,Good,3686.0,28002.0,12827.0,5476.0,6009.0,3.0,56003.0
444,OR,4,24,44.2174,-121.9431,225519,1108,Good,2204.0,21614.0,11440.0,4851.0,3116.0,3.0,43228.0
445,OR,5,24,44.2174,-121.9431,225519,1108,Good,1586.0,14704.0,6376.0,4622.0,2116.0,3.0,29407.0
446,OR,6,25,44.2174,-121.9431,225519,1108,Good,1058.0,16672.0,10229.0,4142.0,1241.0,3.0,33345.0
447,OR,7,36,44.2174,-121.9431,225519,1108,Good,920.0,20683.0,14780.0,4031.0,949.0,3.0,41366.0
448,OR,8,67,44.2174,-121.9431,225519,1108,Moderate,958.0,21458.0,15294.0,4250.0,953.0,3.0,42916.0
449,OR,9,51,44.2174,-121.9431,225519,1108,Moderate,1159.0,21407.0,14600.0,4362.0,1282.0,3.0,42813.0
450,OR,10,25,44.2019,-121.9972,228493,1108,Good,2304.0,23317.0,12530.0,5012.0,3467.0,3.0,46633.0
451,OR,11,36,44.166,-121.9713,233297,1116,Good,3023.0,25555.0,12524.0,5044.0,4961.0,3.0,51110.0
452,OR,12,29,44.1107,-122.0016,241673,1124,Good,4720.0,31967.0,13446.0,5759.0,8039.0,3.0,63934.0
453,PA,1,38,40.5988,-77.4053,465710,2008,Good,26550.0,167694.0,72209.0,22939.0,45851.0,145.0,335388.0
454,PA,2,42,40.6642,-77.5486,452632,1998,Good,23644.0,155749.0,65377.0,24443.0,42153.0,131.0,311497.0
455,PA,3,42,40.6256,-77.4828,546177,2108,Good,16541.0,131138.0,64146.0,22362.0,27944.0,145.0,262276.0
456,PA,4,43,40.6649,-77.5302,450495,1999,Good,10974.0,101788.0,55534.0,19169.0,15971.0,140.0,203576.0
457,PA,5,44,40.663,-77.4967,455973,2002,Good,7422.0,100808.0,65213.0,18271.0,9757.0,145.0,201616.0
458,PA,6,44,40.6634,-77.5416,462708,2010,Good,5258.0,103629.0,75257.0,17903.0,5070.0,140.0,207257.0
459,PA,7,50,40.6653,-77.5173,451637,1999,Good,4785.0,109451.0,83370.0,17234.0,3917.0,145.0,218902.0
460,PA,8,44,40.6615,-77.5513,456691,2005,Good,4938.0,110778.0,83162.0,18704.0,3830.0,145.0,221557.0
461,PA,9,37,40.6551,-77.6114,465638,2016,Good,5200.0,101750.0,75530.0,16851.0,4030.0,140.0,203501.0
462,PA,10,35,40.6581,-77.54,458036,2013,Good,7658.0,100734.0,66599.0,19291.0,7041.0,145.0,201468.0
463,PA,11,39,40.6475,-77.4283,544979,2186,Good,18965.0,134516.0,68327.0,21791.0,25293.0,140.0,269032.0
464,PA,12,44,40.647,-77.4382,540617,2178,Good,22486.0,157698.0,77520.0,21950.0,35596.0,145.0,315395.0
465,RI,1,38,41.823,-71.4187,1204385,3764,Good,2063.0,9939.0,3485.0,808.0,3574.0,8.0,19877.0
466,RI,2,43,41.823,-71.4187,1204385,3764,Good,1823.0,8294.0,2507.0,812.0,3144.0,8.0,16588.0
467,RI,3,44,41.823,-71.4187,1204385,3764,Good,1530.0,8427.0,3628.0,750.0,2512.0,8.0,16855.0
468,RI,4,45,41.823,-71.4187,1204385,3764,Good,910.0,6727.0,3642.0,768.0,1400.0,8.0,13455.0
469,RI,5,46,41.823,-71.4187,1204385,3764,Good,496.0,6146.0,4238.0,680.0,722.0,8.0,12290.0
470,RI,6,56,41.823,-71.4187,1204385,3764,Moderate,281.0,7681.0,6314.0,652.0,427.0,8.0,15363.0
471,RI,7,52,41.823,-71.4187,1204385,3764,Moderate,268.0,8083.0,6746.0,646.0,415.0,8.0,16166.0
472,RI,8,56,41.823,-71.4187,1204385,3764,Moderate,253.0,8608.0,7303.0,621.0,422.0,8.0,17215.0
473,RI,9,40,41.823,-71.4187,1204385,3764,Good,271.0,7773.0,6439.0,653.0,401.0,8.0,15545.0
474,RI,10,36,41.823,-71.4187,1204385,3764,Good,459.0,9456.0,7624.0,640.0,724.0,8.0,18911.0
475,RI,11,37,41.823,-71.4187,1204385,3764,Good,1242.0,9414.0,5361.0,657.0,2146.0,8.0,18828.0
476,RI,12,41,41.823,-71.4187,1204385,3764,Good,1639.0,9746.0,4632.0,772.0,2693.0,8.0,19490.0
477,SC,1,33,34.1129,-80.9567,418355,614,Good,3310.0,33481.0,13122.0,9389.0,7652.0,8.0,66962.0
478,SC,2,35,34.1319,-80.8571,394327,616,Good,3161.0,28215.0,10626.0,7769.0,6652.0,7.0,56430.0
479,SC,3,43,34.0869,-80.6394,380385,609,Good,2243.0,24226.0,9485.0,8828.0,3662.0,8.0,48452.0
480,SC,4,51,34.0869,-80.6394,380385,609,Moderate,1975.0,25945.0,14150.0,7882.0,1930.0,8.0,51890.0
481,SC,5,48,34.0869,-80.6394,380385,609,Good,1780.0,24727.0,13569.0,8413.0,957.0,8.0,49454.0
482,SC,6,36,34.0869,-80.6394,380385,609,Good,1625.0,25395.0,15378.0,7550.0,834.0,8.0,50790.0
483,SC,7,43,34.0869,-80.6394,380385,609,Good,1486.0,27191.0,17179.0,7859.0,658.0,8.0,54381.0
484,SC,8,40,34.0869,-80.6394,380385,609,Good,1555.0,29045.0,18604.0,8175.0,703.0,8.0,58090.0
485,SC,9,42,34.0869,-80.6394,380385,609,Good,1449.0,26583.0,16541.0,7892.0,694.0,8.0,53167.0
486,SC,10,37,34.0869,-80.6394,380385,609,Good,1942.0,27630.0,16391.0,8245.0,1045.0,8.0,55261.0
487,SC,11,37,34.1365,-80.878,395417,617,Good,2859.0,31231.0,15325.0,8883.0,4157.0,8.0,62463.0
488,SC,12,41,34.1504,-81.0612,424587,618,Good,2469.0,33210.0,17561.0,8908.0,4263.0,8.0,66419.0
489,SD,1,34,44.4438,-98.7799,58746,612,Good,1745.0,8744.0,384.0,4513.0,2101.0,0.0,17487.0
490,SD,2,32,44.4208,-98.7192,61520,619,Good,1928.0,9713.0,872.0,4473.0,2440.0,0.0,19426.0
491,SD,3,33,44.5288,-98.9728,47906,586,Good,1546.0,7595.0,311.0,3878.0,1860.0,0.0,15190.0
492,SD,4,32,44.4438,-98.7799,58746,612,Good,966.0,7087.0,863.0,4190.0,1068.0,0.0,14174.0
493,SD,5,33,44.4445,-98.7632,59233,614,Good,589.0,5843.0,656.0,3954.0,644.0,0.0,11686.0
494,SD,6,46,44.4438,-98.7799,58746,612,Good,313.0,6026.0,1557.0,3922.0,234.0,0.0,12052.0
495,SD,7,65,44.4441,-98.7716,58988,613,Moderate,326.0,5921.0,1710.0,3679.0,207.0,0.0,11843.0
496,SD,8,47,44.4158,-98.78,59840,611,Good,329.0,5923.0,1689.0,3701.0,204.0,0.0,11846.0
497,SD,9,35,44.4438,-98.7799,58746,612,Good,346.0,4640.0,482.0,3594.0,218.0,0.0,9280.0
498,SD,10,25,44.4441,-98.7716,58988,613,Good,686.0,5861.0,891.0,3779.0,505.0,0.0,11722.0
499,SD,11,25,44.4445,-98.7626,59250,614,Good,1127.0,7533.0,864.0,4390.0,1152.0,0.0,15066.0
500,SD,12,25,44.4445,-98.7632,59233,614,Good,1560.0,8934.0,901.0,4659.0,1815.0,0.0,17869.0
501,TN,1,31,35.8171,-86.2041,305374,479,Good,9995.0,51709.0,10442.0,14184.0,17056.0,32.0,103418.0
502,TN,2,37,35.8509,-86.3065,298655,478,Good,10263.0,49147.0,8214.0,13074.0,17567.0,29.0,98294.0
503,TN,3,37,35.858,-86.026,287313,476,Good,5496.0,31961.0,5984.0,12721.0,7728.0,32.0,63922.0
504,TN,4,41,35.8484,-86.0484,281851,474,Good,4294.0,26056.0,4542.0,12894.0,4295.0,31.0,52112.0
505,TN,5,42,35.8533,-85.9856,283037,473,Good,3221.0,24020.0,5976.0,12230.0,2561.0,32.0,48040.0
506,TN,6,40,35.8477,-86.0434,281808,473,Good,2575.0,26981.0,10940.0,12048.0,1387.0,31.0,53962.0
507,TN,7,50,35.8518,-86.0069,281447,473,Good,2445.0,28789.0,12903.0,12209.0,1200.0,32.0,57578.0
508,TN,8,44,35.8459,-86.0623,283021,474,Good,2392.0,28001.0,12388.0,12177.0,1012.0,32.0,56002.0
509,TN,9,38,35.8503,-86.028,279880,473,Good,2711.0,25060.0,8929.0,12019.0,1370.0,31.0,50120.0
510,TN,10,34,35.8461,-86.0261,283642,475,Good,3594.0,22485.0,5383.0,11526.0,1951.0,32.0,44971.0
511,TN,11,34,35.82,-86.2541,302299,478,Good,5778.0,33507.0,6826.0,13969.0,6903.0,31.0,67014.0
512,TN,12,36,35.8256,-86.1973,308643,481,Good,5803.0,35085.0,6050.0,14516.0,8685.0,32.0,70171.0
513,TX,1,36,30.5209,-97.7965,833099,830,Good,24638.0,361903.0,113820.0,178191.0,45173.0,80.0,723805.0
514,TX,2,36,30.5646,-97.8616,834945,828,Good,25894.0,335215.0,125874.0,132988.0,50386.0,72.0,670429.0
515,TX,3,44,30.5753,-97.8815,821012,830,Good,16980.0,282860.0,89081.0,150331.0,26389.0,80.0,565721.0
516,TX,4,47,30.5755,-97.8815,821083,830,Good,14233.0,297643.0,112387.0,158615.0,12331.0,77.0,595286.0
517,TX,5,42,30.5577,-97.8988,823792,832,Good,10890.0,301182.0,119157.0,162278.0,8778.0,80.0,602365.0
518,TX,6,44,30.6016,-97.865,832770,828,Good,10881.0,349278.0,172535.0,158888.0,6897.0,77.0,698556.0
519,TX,7,46,30.5518,-97.9124,827058,833,Good,11506.0,379649.0,193281.0,168108.0,6673.0,80.0,759297.0
520,TX,8,43,30.5508,-97.8598,821905,830,Good,11347.0,382962.0,196140.0,169214.0,6182.0,80.0,765925.0
521,TX,9,51,30.5607,-97.8435,825668,828,Moderate,11117.0,341704.0,158960.0,165542.0,6008.0,77.0,683408.0
522,TX,10,40,30.5569,-97.8812,820700,830,Good,12008.0,319987.0,136791.0,163143.0,7965.0,80.0,639974.0
523,TX,11,35,30.5783,-97.8806,825301,831,Good,15388.0,304836.0,103728.0,169491.0,16153.0,77.0,609673.0
524,TX,12,38,30.5716,-97.8581,827553,828,Good,16495.0,318849.0,104727.0,179283.0,18264.0,80.0,637698.0
525,UT,1,47,39.8508,-111.7995,323466,801,Good,7190.0,30051.0,5890.0,3877.0,13069.0,25.0,60102.0
526,UT,2,40,39.8507,-111.7995,323466,801,Good,6483.0,25411.0,4930.0,3802.0,10174.0,22.0,50822.0
527,UT,3,43,39.8508,-111.7995,323466,801,Good,5150.0,22603.0,5124.0,3385.0,8919.0,25.0,45206.0
528,UT,4,48,39.8507,-111.7995,323466,801,Good,3318.0,18008.0,5426.0,3598.0,5643.0,24.0,36017.0
529,UT,5,51,39.8508,-111.7995,323466,801,Moderate,1921.0,14290.0,6036.0,3242.0,3067.0,25.0,28581.0
530,UT,6,60,39.8507,-111.7995,323466,801,Moderate,1913.0,15490.0,8041.0,3078.0,2435.0,24.0,30981.0
531,UT,7,79,39.8508,-111.7995,323466,801,Moderate,1784.0,15724.0,9078.0,2839.0,2000.0,25.0,31450.0
532,UT,8,80,39.8508,-111.7995,323466,801,Moderate,1236.0,13794.0,8115.0,2872.0,1546.0,25.0,27588.0
533,UT,9,58,39.8507,-111.7995,323466,801,Moderate,1539.0,12499.0,5893.0,3060.0,1983.0,24.0,24998.0
534,UT,10,38,39.8508,-111.7995,323466,801,Good,2010.0,12408.0,4053.0,3127.0,3193.0,25.0,24816.0
535,UT,11,35,39.8507,-111.7995,323466,801,Good,4667.0,21646.0,6322.0,3254.0,7379.0,24.0,43292.0
536,UT,12,42,39.8508,-111.7995,323466,801,Good,6759.0,29667.0,7048.0,3614.0,12221.0,25.0,59334.0
537,VA,1,27,37.5919,-78.6314,385945,1027,Good,11305.0,72405.0,32329.0,11219.0,17495.0,57.0,144810.0
538,VA,2,29,37.6182,-78.6208,379060,1042,Good,9902.0,58535.0,24677.0,9179.0,14725.0,52.0,117070.0
539,VA,3,35,37.6165,-78.6286,377803,1041,Good,6869.0,61135.0,33225.0,10597.0,10386.0,57.0,122269.0
540,VA,4,39,37.622,-78.6189,379978,1044,Good,5535.0,50304.0,30908.0,8253.0,5552.0,55.0,100607.0
541,VA,5,38,37.6172,-78.6238,377925,1040,Good,3523.0,40666.0,25235.0,9125.0,2726.0,57.0,81332.0
542,VA,6,33,37.6193,-78.6148,379761,1042,Good,3254.0,51079.0,36445.0,9509.0,1816.0,55.0,102158.0
543,VA,7,44,37.6246,-78.6225,380437,1047,Good,3170.0,53963.0,39495.0,9577.0,1664.0,57.0,107926.0
544,VA,8,38,37.639,-78.6047,389714,1059,Good,3236.0,53729.0,40631.0,8336.0,1469.0,57.0,107458.0
545,VA,9,34,37.6393,-78.6087,386480,1058,Good,3505.0,43374.0,28939.0,9193.0,1682.0,55.0,86748.0
546,VA,10,30,37.6702,-78.5897,394595,1075,Good,4386.0,42284.0,27591.0,7760.0,2489.0,57.0,84567.0
547,VA,11,27,37.6162,-78.6293,377478,1041,Good,8400.0,56153.0,30617.0,7400.0,9680.0,55.0,112305.0
548,VA,12,31,37.6254,-78.6137,383674,1046,Good,8246.0,63915.0,31810.0,12225.0,11577.0,57.0,127830.0
549,VT,1,43,44.0484,-73.105,65444,1186,Good,988.0,1886.0,1.0,238.0,656.0,3.0,3772.0
550,VT,2,44,44.0484,-73.105,65444,1186,Good,894.0,1750.0,,214.0,639.0,3.0,3500.0
551,VT,3,41,44.0484,-73.105,65444,1186,Good,768.0,1519.0,,211.0,538.0,3.0,3039.0
552,VT,4,38,44.0484,-73.105,65444,1186,Good,546.0,1039.0,,159.0,332.0,3.0,2079.0
553,VT,5,39,44.0484,-73.105,65444,1186,Good,420.0,782.0,1.0,152.0,207.0,3.0,1565.0
554,VT,6,40,44.0484,-73.105,65444,1186,Good,369.0,610.0,1.0,131.0,107.0,3.0,1221.0
555,VT,7,39,44.0484,-73.105,65444,1186,Good,418.0,646.0,1.0,136.0,88.0,3.0,1292.0
556,VT,8,37,44.0484,-73.105,65444,1186,Good,420.0,641.0,1.0,136.0,81.0,3.0,1282.0
557,VT,9,28,44.0484,-73.105,65444,1186,Good,396.0,618.0,1.0,135.0,84.0,3.0,1237.0
558,VT,10,28,44.0484,-73.105,65444,1186,Good,546.0,829.0,1.0,147.0,132.0,3.0,1658.0
559,VT,11,35,44.0484,-73.105,65444,1186,Good,807.0,1329.0,0.0,177.0,343.0,3.0,2659.0
560,VT,12,39,44.0484,-73.105,65444,1186,Good,906.0,1619.0,1.0,185.0,525.0,3.0,3239.0
561,WA,1,32,47.1547,-121.0924,279579,1089,Good,7229.0,35756.0,7570.0,7878.0,13067.0,12.0,71512.0
562,WA,2,24,47.0913,-121.0166,289903,1087,Good,7784.0,35176.0,7213.0,6865.0,13304.0,11.0,70353.0
563,WA,3,25,47.087,-121.028,289923,1087,Good,6519.0,36337.0,11229.0,7794.0,10784.0,12.0,72675.0
564,WA,4,25,47.1685,-121.1054,277142,1090,Good,4307.0,26267.0,8784.0,6759.0,6405.0,11.0,52533.0
565,WA,5,23,47.1694,-121.0931,277664,1090,Good,3296.0,17765.0,3934.0,6339.0,4185.0,12.0,35531.0
566,WA,6,26,47.1705,-121.0587,280433,1092,Good,2387.0,18991.0,8095.0,6015.0,2483.0,11.0,37982.0
567,WA,7,34,47.1695,-121.031,280218,1094,Good,2215.0,22131.0,12201.0,5708.0,1995.0,12.0,44262.0
568,WA,8,46,47.169,-121.0993,277402,1090,Good,2211.0,22703.0,12861.0,5730.0,1890.0,12.0,45407.0
569,WA,9,31,47.1595,-121.0953,278025,1090,Good,2591.0,23711.0,12234.0,6207.0,2668.0,11.0,47422.0
570,WA,10,24,47.1378,-121.0513,283706,1089,Good,4359.0,27741.0,9430.0,6961.0,6979.0,12.0,55482.0
571,WA,11,27,47.1765,-121.0721,281779,1094,Good,6061.0,31692.0,9189.0,6740.0,9691.0,11.0,63384.0
572,WA,12,24,47.1604,-121.0984,277897,1089,Good,8608.0,41854.0,9464.0,7715.0,16056.0,12.0,83709.0
573,WI,1,44,43.6944,-89.4997,279855,1071,Good,15930.0,71111.0,13557.0,17194.0,24389.0,40.0,142221.0
574,WI,2,45,43.6944,-89.4997,279855,1071,Good,16506.0,70121.0,10133.0,17238.0,26207.0,36.0,140241.0
575,WI,3,38,43.623,-89.2914,232432,1039,Good,12145.0,52002.0,11013.0,13783.0,15021.0,40.0,104004.0
576,WI,4,41,43.6073,-89.0168,176017,1014,Good,7015.0,40103.0,10978.0,12015.0,10056.0,38.0,80205.0
577,WI,5,42,43.6036,-89.0168,175609,1013,Good,5789.0,31273.0,9645.0,10091.0,5708.0,40.0,62546.0
578,WI,6,53,43.6051,-89.0173,175925,1013,Moderate,3283.0,30171.0,15126.0,9212.0,2512.0,38.0,60342.0
579,WI,7,48,43.6036,-89.0168,175609,1013,Good,3295.0,30903.0,15781.0,9318.0,2469.0,40.0,61806.0
580,WI,8,49,43.5814,-89.0083,177051,1016,Good,3655.0,31630.0,15792.0,9819.0,2325.0,40.0,63261.0
581,WI,9,38,43.6023,-89.018,175511,1012,Good,3435.0,27180.0,11232.0,9945.0,2529.0,38.0,54359.0
582,WI,10,32,43.6371,-89.1481,207062,1032,Good,5426.0,35181.0,13160.0,11261.0,5295.0,40.0,70363.0
583,WI,11,31,43.7201,-89.4739,286982,1080,Good,11444.0,52006.0,11415.0,13757.0,15351.0,38.0,104011.0
584,WI,12,38,43.6821,-89.478,281776,1074,Good,12981.0,61571.0,11837.0,16208.0,20505.0,40.0,123142.0
585,WV,1,37,39.3281,-81.1791,106321,752,Good,3505.0,12874.0,805.0,3586.0,4976.0,0.0,25746.0
586,WV,2,44,39.3267,-81.1907,107383,749,Good,3271.0,11629.0,518.0,3124.0,4715.0,0.0,23257.0
587,WV,3,43,39.3518,-81.1006,100039,816,Good,2460.0,9783.0,867.0,3457.0,2999.0,0.0,19566.0
588,WV,4,44,39.3597,-81.0498,96115,819,Good,1813.0,8601.0,2026.0,2843.0,1918.0,0.0,17201.0
589,WV,5,43,39.3595,-81.041,95209,818,Good,1285.0,7385.0,1914.0,3136.0,1050.0,0.0,14770.0
590,WV,6,43,39.3623,-81.0309,96563,814,Good,847.0,6294.0,2257.0,2876.0,314.0,0.0,12588.0
591,WV,7,51,39.3603,-81.0596,97153,822,Moderate,901.0,6112.0,1954.0,2991.0,264.0,0.0,12222.0
592,WV,8,45,39.3639,-81.0361,97919,814,Good,1001.0,6366.0,1891.0,3171.0,301.0,0.0,12730.0
593,WV,9,38,39.359,-81.0426,95315,817,Good,1122.0,5566.0,1028.0,2958.0,459.0,0.0,11133.0
594,WV,10,31,39.3592,-81.0488,95967,819,Good,1419.0,7851.0,2505.0,3096.0,830.0,0.0,15701.0
595,WV,11,36,39.3366,-81.1217,101465,755,Good,2481.0,11295.0,2703.0,3299.0,2811.0,0.0,22589.0
596,WV,12,40,39.3325,-81.1465,102768,749,Good,2587.0,10313.0,1076.0,3470.0,3180.0,0.0,20626.0
597,WY,1,35,42.6364,-107.6174,31094,674,Good,1829.0,9067.0,280.0,4835.0,2122.0,1.0,18134.0
598,WY,2,37,42.6364,-107.6174,31094,674,Good,1905.0,9022.0,319.0,4582.0,2215.0,1.0,18044.0
599,WY,3,40,42.6467,-107.6155,31000,674,Good,1355.0,7751.0,369.0,4463.0,1562.0,1.0,15501.0
600,WY,4,41,42.6364,-107.6174,31094,674,Good,1070.0,6720.0,856.0,3647.0,1146.0,1.0,13440.0
601,WY,5,41,42.6364,-107.6174,31094,674,Good,960.0,6317.0,645.0,3742.0,969.0,1.0,12634.0
602,WY,6,48,42.6364,-107.6174,31094,674,Good,744.0,5808.0,1105.0,3378.0,580.0,1.0,11616.0
603,WY,7,71,42.6364,-107.6174,31094,674,Moderate,310.0,5270.0,1156.0,3618.0,186.0,1.0,10541.0
604,WY,8,65,42.6286,-107.6197,31141,674,Moderate,274.0,4954.0,946.0,3560.0,173.0,1.0,9908.0
605,WY,9,52,42.6364,-107.6174,31094,674,Moderate,302.0,5204.0,1002.0,3703.0,195.0,1.0,10407.0
606,WY,10,35,42.6364,-107.6174,31094,674,Good,455.0,5282.0,386.0,4067.0,373.0,1.0,10564.0
607,WY,11,34,42.6364,-107.6174,31094,674,Good,1301.0,7676.0,498.0,4506.0,1369.0,1.0,15351.0
608,WY,12,38,42.6364,-107.6174,31094,674,Good,1789.0,8704.0,358.0,4602.0,1954.0,1.0,17408.0
