,state_id,month,Commercial Consumption,Delivered to Consumers,Electric Power Consumption,Industrial Consumption,Residential Consumption,Vehicle Fuel Consumption
0,AK,1,1994.0,7622.0,2204.0,774.0,2649.0,0.0
1,AK,2,2153.0,7685.0,2068.0,668.0,2796.0,0.0
2,AK,3,2118.0,7858.0,2122.0,892.0,2725.0,0.0
3,AK,4,1426.0,5978.0,1945.0,892.0,1715.0,0.0
4,AK,5,909.0,4644.0,1884.0,850.0,1001.0,0.0
5,AK,6,563.0,3676.0,1951.0,524.0,638.0,0.0
6,AK,7,491.0,3715.0,2222.0,439.0,562.0,0.0
7,AK,8,616.0,4139.0,2356.0,543.0,625.0,0.0
8,AK,9,857.0,4282.0,1863.0,485.0,1076.0,0.0
9,AK,10,1316.0,6131.0,2143.0,923.0,1749.0,0.0
10,AK,11,2136.0,13722.0,2339.0,6268.0,2979.0,0.0
11,AK,12,2239.0,15351.0,2414.0,7677.0,3021.0,0.0
12,AL,1,4318.0,66776.0,33995.0,20837.0,7619.0,6.0
13,AL,2,4050.0,57466.0,27255.0,19136.0,7020.0,6.0
14,AL,3,2206.0,51858.0,25905.0,20281.0,3461.0,6.0
15,AL,4,1914.0,48085.0,24456.0,19521.0,2189.0,6.0
16,AL,5,1439.0,50999.0,28957.0,19305.0,1293.0,6.0
17,AL,6,1181.0,57789.0,37057.0,18726.0,820.0,6.0
18,AL,7,1175.0,59560.0,38385.0,19238.0,756.0,6.0
19,AL,8,1142.0,62011.0,40819.0,19327.0,717.0,6.0
20,AL,9,1245.0,54765.0,33860.0,18917.0,737.0,6.0
21,AL,10,1876.0,54521.0,31870.0,19652.0,1116.0,6.0
22,AL,11,2521.0,57839.0,33914.0,19100.0,2298.0,6.0
23,AL,12,2644.0,59650.0,33767.0,19032.0,4201.0,6.0
24,AR,1,7792.0,31688.0,6942.0,9524.0,7423.0,7.0
25,AR,2,7655.0,31140.0,7699.0,8131.0,7649.0,6.0
26,AR,3,6775.0,32803.0,10955.0,9000.0,6066.0,7.0
27,AR,4,4348.0,28364.0,13147.0,8828.0,2035.0,7.0
28,AR,5,3585.0,21978.0,7915.0,9090.0,1381.0,7.0
29,AR,6,3100.0,26892.0,14689.0,8496.0,600.0,7.0
30,AR,7,3134.0,26668.0,14470.0,8436.0,621.0,7.0
31,AR,8,3153.0,27640.0,15645.0,8336.0,499.0,7.0
32,AR,9,3400.0,25128.0,12804.0,8359.0,558.0,7.0
33,AR,10,3678.0,26766.0,13511.0,8774.0,796.0,7.0
34,AR,11,5221.0,33045.0,15784.0,8963.0,3072.0,7.0
35,AR,12,5221.0,33256.0,15837.0,9050.0,3141.0,7.0
36,AZ,1,4645.0,42950.0,27579.0,2143.0,8406.0,176.0
37,AZ,2,4108.0,28948.0,16292.0,1844.0,6545.0,159.0
38,AZ,3,3379.0,34099.0,23200.0,1864.0,5480.0,176.0
39,AZ,4,2467.0,35328.0,28302.0,1554.0,2835.0,170.0
40,AZ,5,2356.0,38169.0,31809.0,1597.0,2231.0,176.0
41,AZ,6,2102.0,41908.0,36739.0,1407.0,1490.0,170.0
42,AZ,7,1959.0,50266.0,45370.0,1521.0,1240.0,176.0
43,AZ,8,1963.0,46256.0,41459.0,1393.0,1264.0,176.0
44,AZ,9,1977.0,39704.0,34858.0,1377.0,1322.0,170.0
45,AZ,10,2269.0,32592.0,26786.0,1520.0,1841.0,176.0
46,AZ,11,2691.0,28158.0,20940.0,1717.0,2640.0,170.0
47,AZ,12,3364.0,34492.0,24413.0,2004.0,4535.0,176.0
48,CA,1,23555.0,195087.0,45260.0,56021.0,68090.0,2161.0
49,CA,2,21545.0,164201.0,39320.0,48959.0,52425.0,1952.0
50,CA,3,22128.0,177219.0,41649.0,56762.0,54518.0,2161.0
51,CA,4,17748.0,148023.0,39063.0,55790.0,33330.0,2092.0
52,CA,5,16277.0,140206.0,39330.0,54842.0,27595.0,2161.0
53,CA,6,16050.0,154963.0,58693.0,56255.0,21873.0,2092.0
54,CA,7,17041.0,181926.0,84015.0,58066.0,20642.0,2161.0
55,CA,8,16316.0,175144.0,74623.0,63381.0,18663.0,2161.0
56,CA,9,19004.0,161277.0,62127.0,57168.0,20886.0,2092.0
57,CA,10,19250.0,164940.0,56664.0,62100.0,24764.0,2161.0
58,CA,11,22426.0,164762.0,51454.0,53952.0,34838.0,2092.0
59,CA,12,28678.0,214732.0,53883.0,58322.0,71687.0,2161.0
60,CO,1,9303.0,51840.0,10002.0,9194.0,23191.0,150.0
61,CO,2,8920.0,49636.0,9491.0,8697.0,22393.0,135.0
62,CO,3,7333.0,40430.0,7086.0,8816.0,17046.0,150.0
63,CO,4,5038.0,31445.0,7531.0,7482.0,11250.0,145.0
64,CO,5,3466.0,25953.0,9312.0,6074.0,6951.0,150.0
65,CO,6,1850.0,22246.0,11478.0,5417.0,3355.0,145.0
66,CO,7,1767.0,23918.0,13930.0,5378.0,2692.0,150.0
67,CO,8,1646.0,23308.0,13049.0,5549.0,2914.0,150.0
68,CO,9,1859.0,21318.0,10179.0,5837.0,3298.0,145.0
69,CO,10,3523.0,25816.0,7302.0,7116.0,7725.0,150.0
70,CO,11,5686.0,36185.0,8892.0,8141.0,13321.0,145.0
71,CO,12,8790.0,47161.0,8037.0,9001.0,21184.0,150.0
72,CT,1,8258.0,33290.0,12780.0,2502.0,9733.0,17.0
73,CT,2,7590.0,30523.0,11856.0,2263.0,8799.0,15.0
74,CT,3,6102.0,28221.0,13284.0,2039.0,6780.0,17.0
75,CT,4,4189.0,19982.0,10261.0,1590.0,3926.0,16.0
76,CT,5,2829.0,18308.0,11528.0,1674.0,2260.0,17.0
77,CT,6,2212.0,20933.0,15717.0,1546.0,1442.0,16.0
78,CT,7,2417.0,20580.0,15383.0,1633.0,1130.0,17.0
79,CT,8,2544.0,22339.0,17172.0,1593.0,1013.0,17.0
80,CT,9,2490.0,19053.0,13723.0,1666.0,1157.0,16.0
81,CT,10,3181.0,18597.0,12012.0,1598.0,1790.0,17.0
82,CT,11,4922.0,28025.0,16033.0,2281.0,4772.0,16.0
83,CT,12,6796.0,29797.0,13746.0,2166.0,7073.0,17.0
84,DC,1,2111.0,4355.0,,,2221.0,23.0
85,DC,2,2125.0,4320.0,,,2174.0,21.0
86,DC,3,1596.0,3055.0,,,1436.0,23.0
87,DC,4,1145.0,2038.0,,,870.0,23.0
88,DC,5,740.0,1269.0,,,506.0,23.0
89,DC,6,632.0,949.0,,,294.0,23.0
90,DC,7,589.0,872.0,,,260.0,23.0
91,DC,8,752.0,999.0,,,224.0,23.0
92,DC,9,675.0,955.0,,,257.0,23.0
93,DC,10,937.0,1292.0,,,331.0,23.0
94,DC,11,1826.0,3233.0,,,1385.0,23.0
95,DC,12,1630.0,3218.0,,,1564.0,23.0
96,DE,1,1681.0,8101.0,191.0,3756.0,2474.0,0.0
97,DE,2,1580.0,8051.0,718.0,3409.0,2345.0,0.0
98,DE,3,1042.0,5603.0,413.0,2600.0,1548.0,0.0
99,DE,4,1063.0,5288.0,922.0,2444.0,859.0,0.0
100,DE,5,473.0,5180.0,1748.0,2524.0,435.0,0.0
101,DE,6,383.0,6576.0,3700.0,2245.0,249.0,0.0
102,DE,7,404.0,6898.0,3976.0,2330.0,188.0,0.0
103,DE,8,415.0,7365.0,4404.0,2365.0,181.0,0.0
104,DE,9,439.0,4846.0,1754.0,2449.0,202.0,0.0
105,DE,10,558.0,4055.0,1129.0,2127.0,241.0,0.0
106,DE,11,1344.0,7794.0,2216.0,3065.0,1168.0,0.0
107,DE,12,1238.0,9234.0,2850.0,3512.0,1634.0,0.0
108,FL,1,6290.0,111798.0,90599.0,11380.0,3042.0,486.0
109,FL,2,5879.0,105130.0,86366.0,9920.0,2525.0,439.0
110,FL,3,5588.0,113941.0,94000.0,11842.0,2024.0,486.0
111,FL,4,5471.0,116367.0,97046.0,11578.0,1801.0,471.0
112,FL,5,5194.0,134914.0,116654.0,11205.0,1375.0,486.0
113,FL,6,4745.0,137734.0,120858.0,10522.0,1138.0,471.0
114,FL,7,4596.0,151178.0,134201.0,10901.0,993.0,486.0
115,FL,8,4467.0,157558.0,139901.0,11784.0,920.0,486.0
116,FL,9,4636.0,143667.0,127392.0,10214.0,953.0,471.0
117,FL,10,4673.0,137954.0,121001.0,10763.0,1031.0,486.0
118,FL,11,5553.0,110625.0,92050.0,11024.0,1527.0,471.0
119,FL,12,5908.0,115658.0,96851.0,10338.0,2075.0,486.0
120,GA,1,9250.0,82877.0,33384.0,15383.0,24731.0,129.0
121,GA,2,8044.0,66158.0,23388.0,13571.0,21038.0,116.0
122,GA,3,5096.0,56254.0,24894.0,13800.0,12336.0,129.0
123,GA,4,3745.0,56317.0,30629.0,13516.0,8303.0,125.0
124,GA,5,2714.0,53520.0,32308.0,12829.0,5540.0,129.0
125,GA,6,2272.0,56826.0,38064.0,12008.0,4358.0,125.0
126,GA,7,2237.0,59523.0,40348.0,12568.0,4241.0,129.0
127,GA,8,2205.0,61399.0,41662.0,13045.0,4358.0,129.0
128,GA,9,2252.0,52649.0,33174.0,12660.0,4438.0,125.0
129,GA,10,3016.0,57555.0,35053.0,13061.0,6297.0,129.0
130,GA,11,6263.0,72311.0,34788.0,15225.0,15911.0,125.0
131,GA,12,5988.0,71431.0,35857.0,14338.0,15118.0,129.0
132,HI,1,148.0,212.0,,7.0,57.0,0.0
133,HI,2,140.0,200.0,,7.0,52.0,0.0
134,HI,3,156.0,221.0,,10.0,54.0,0.0
135,HI,4,177.0,247.0,,10.0,60.0,0.0
136,HI,5,159.0,216.0,,9.0,49.0,0.0
137,HI,6,184.0,244.0,,10.0,50.0,0.0
138,HI,7,179.0,239.0,,9.0,51.0,0.0
139,HI,8,199.0,255.0,,9.0,47.0,0.0
140,HI,9,183.0,242.0,,8.0,51.0,0.0
141,HI,10,174.0,230.0,,8.0,48.0,0.0
142,HI,11,175.0,231.0,,9.0,48.0,0.0
143,HI,12,185.0,245.0,,8.0,52.0,0.0
144,IA,1,8104.0,44536.0,2276.0,22294.0,11860.0,2.0
145,IA,2,9440.0,44261.0,1228.0,19880.0,13711.0,2.0
146,IA,3,5375.0,33768.0,1947.0,19378.0,7066.0,2.0
147,IA,4,3383.0,28578.0,2142.0,18862.0,4190.0,2.0
148,IA,5,2397.0,23811.0,1455.0,17463.0,2494.0,2.0
149,IA,6,1930.0,26386.0,5396.0,17724.0,1334.0,2.0
150,IA,7,1812.0,26037.0,6223.0,16976.0,1023.0,2.0
151,IA,8,1822.0,26089.0,5763.0,17538.0,964.0,2.0
152,IA,9,1755.0,24665.0,3575.0,18131.0,1202.0,2.0
153,IA,10,3303.0,27392.0,4130.0,17634.0,2323.0,2.0
154,IA,11,4994.0,36288.0,4132.0,20837.0,6324.0,2.0
155,IA,12,6603.0,41078.0,4091.0,21065.0,9316.0,2.0
156,ID,1,3065.0,15363.0,2850.0,4064.0,5378.0,6.0
157,ID,2,2815.0,13852.0,2704.0,3540.0,4788.0,5.0
158,ID,3,2236.0,12471.0,3194.0,3529.0,3506.0,6.0
159,ID,4,1515.0,9541.0,2781.0,3032.0,2209.0,6.0
160,ID,5,857.0,7511.0,2805.0,2758.0,1085.0,6.0
161,ID,6,729.0,6988.0,3225.0,2348.0,680.0,6.0
162,ID,7,670.0,8666.0,4991.0,2425.0,574.0,6.0
163,ID,8,787.0,7675.0,3827.0,2412.0,643.0,6.0
164,ID,9,1001.0,7865.0,2994.0,2981.0,883.0,6.0
165,ID,10,1578.0,9187.0,2251.0,3384.0,1968.0,6.0
166,ID,11,2088.0,11912.0,2736.0,3489.0,3593.0,6.0
167,ID,12,3045.0,15403.0,2928.0,3927.0,5497.0,6.0
168,IL,1,34747.0,149635.0,12332.0,29154.0,73397.0,6.0
169,IL,2,39198.0,152322.0,8148.0,25085.0,79886.0,5.0
170,IL,3,26170.0,104016.0,9777.0,22771.0,45292.0,6.0
171,IL,4,16846.0,72475.0,9211.0,19097.0,27315.0,6.0
172,IL,5,11551.0,57041.0,7547.0,19198.0,18739.0,6.0
173,IL,6,8303.0,53932.0,18650.0,17986.0,8987.0,6.0
174,IL,7,8186.0,57100.0,22360.0,18517.0,8030.0,6.0
175,IL,8,7896.0,62371.0,28593.0,18358.0,7519.0,6.0
176,IL,9,9098.0,48926.0,13349.0,18240.0,8234.0,6.0
177,IL,10,12272.0,62353.0,15600.0,20651.0,13824.0,6.0
178,IL,11,20235.0,99888.0,13799.0,24249.0,41600.0,6.0
179,IL,12,28403.0,120859.0,11462.0,25618.0,55370.0,6.0
180,IN,1,14563.0,98640.0,19211.0,39131.0,25579.0,156.0
181,IN,2,16134.0,96106.0,17830.0,35698.0,26303.0,141.0
182,IN,3,9161.0,73258.0,13852.0,35366.0,14723.0,156.0
183,IN,4,5810.0,60357.0,12805.0,32716.0,8875.0,151.0
184,IN,5,4023.0,54647.0,13049.0,31752.0,5667.0,156.0
185,IN,6,2468.0,53140.0,18341.0,29919.0,2261.0,151.0
186,IN,7,2697.0,53781.0,18682.0,30129.0,2116.0,156.0
187,IN,8,2691.0,55944.0,21217.0,29744.0,2136.0,156.0
188,IN,9,3209.0,48548.0,14666.0,28014.0,2508.0,151.0
189,IN,10,5207.0,57170.0,17743.0,29000.0,5063.0,156.0
190,IN,11,10868.0,80485.0,19469.0,33193.0,16804.0,151.0
191,IN,12,11456.0,83913.0,18214.0,35136.0,18950.0,156.0
192,KS,1,6150.0,32164.0,1577.0,12599.0,11760.0,78.0
193,KS,2,7143.0,34937.0,2028.0,11240.0,14455.0,71.0
194,KS,3,4063.0,23795.0,2127.0,10845.0,6682.0,78.0
195,KS,4,3121.0,20455.0,2249.0,10662.0,4347.0,76.0
196,KS,5,1990.0,14745.0,963.0,9681.0,2034.0,78.0
197,KS,6,1992.0,15975.0,2098.0,10724.0,1085.0,76.0
198,KS,7,1842.0,17625.0,2379.0,12221.0,1105.0,78.0
199,KS,8,1974.0,18690.0,2605.0,12974.0,1060.0,78.0
200,KS,9,1823.0,15116.0,1716.0,10304.0,1197.0,76.0
201,KS,10,2209.0,16799.0,1624.0,10470.0,2418.0,78.0
202,KS,11,3926.0,22907.0,1560.0,11457.0,5889.0,76.0
203,KS,12,4777.0,27043.0,1742.0,12332.0,8114.0,78.0
204,KY,1,6771.0,38319.0,8658.0,12752.0,10137.0,1.0
205,KY,2,6899.0,37486.0,8158.0,11952.0,10476.0,1.0
206,KY,3,3879.0,28061.0,8279.0,10967.0,4935.0,1.0
207,KY,4,2418.0,21403.0,5845.0,10029.0,3109.0,1.0
208,KY,5,1565.0,20983.0,7975.0,9767.0,1676.0,1.0
209,KY,6,1250.0,21452.0,10431.0,8840.0,929.0,1.0
210,KY,7,916.0,21963.0,11454.0,8907.0,685.0,1.0
211,KY,8,1083.0,22358.0,11356.0,9181.0,736.0,1.0
212,KY,9,1308.0,19081.0,7864.0,9009.0,900.0,1.0
213,KY,10,1751.0,21595.0,8556.0,9626.0,1660.0,1.0
214,KY,11,4134.0,31500.0,9584.0,11817.0,5964.0,1.0
215,KY,12,4010.0,30047.0,9815.0,10507.0,5714.0,1.0
216,LA,1,3877.0,132315.0,20206.0,100951.0,7251.0,31.0
217,LA,2,4222.0,117219.0,22561.0,82781.0,7627.0,28.0
218,LA,3,2994.0,117546.0,24360.0,85951.0,4211.0,31.0
219,LA,4,2918.0,115261.0,23650.0,86051.0,2613.0,30.0
220,LA,5,2240.0,115941.0,26785.0,85161.0,1725.0,31.0
221,LA,6,2140.0,123408.0,34277.0,85721.0,1239.0,30.0
222,LA,7,2181.0,135679.0,34385.0,97705.0,1377.0,31.0
223,LA,8,1843.0,126077.0,33463.0,89643.0,1097.0,31.0
224,LA,9,2197.0,100554.0,21787.0,74790.0,1750.0,30.0
225,LA,10,2254.0,123057.0,27077.0,91931.0,1764.0,31.0
226,LA,11,3076.0,128440.0,25319.0,97045.0,2970.0,30.0
227,LA,12,2604.0,129744.0,23386.0,101078.0,2646.0,31.0
228,MA,1,16496.0,57208.0,12429.0,5690.0,22585.0,7.0
229,MA,2,16241.0,54513.0,11283.0,6214.0,20768.0,6.0
230,MA,3,12096.0,41515.0,6844.0,5270.0,17298.0,7.0
231,MA,4,7971.0,27512.0,5115.0,4451.0,9969.0,7.0
232,MA,5,4758.0,18790.0,5306.0,3335.0,5384.0,7.0
233,MA,6,3271.0,22681.0,13525.0,2751.0,3126.0,7.0
234,MA,7,4781.0,22516.0,11917.0,2734.0,3078.0,7.0
235,MA,8,3523.0,23443.0,15023.0,2392.0,2498.0,7.0
236,MA,9,4289.0,18351.0,8264.0,2859.0,2933.0,7.0
237,MA,10,5750.0,22142.0,8508.0,3017.0,4859.0,7.0
238,MA,11,10744.0,32241.0,5973.0,3548.0,11968.0,7.0
239,MA,12,13335.0,44288.0,7324.0,5277.0,18345.0,7.0
240,MD,1,8916.0,32633.0,5189.0,2909.0,15595.0,24.0
241,MD,2,8643.0,31439.0,5537.0,2662.0,14575.0,22.0
242,MD,3,7290.0,25370.0,7088.0,1619.0,9349.0,24.0
243,MD,4,5343.0,22061.0,8800.0,1476.0,6418.0,23.0
244,MD,5,4757.0,15624.0,6150.0,1205.0,3489.0,24.0
245,MD,6,2854.0,13096.0,7508.0,1064.0,1646.0,23.0
246,MD,7,3043.0,16372.0,10744.0,1058.0,1502.0,24.0
247,MD,8,2877.0,16765.0,11395.0,1113.0,1356.0,24.0
248,MD,9,3495.0,15111.0,8840.0,1114.0,1638.0,23.0
249,MD,10,3731.0,17566.0,10404.0,1300.0,2107.0,24.0
250,MD,11,7901.0,28286.0,9577.0,1524.0,9260.0,23.0
251,MD,12,7352.0,26403.0,7413.0,1676.0,9938.0,24.0
252,ME,1,1484.0,5388.0,1183.0,2161.0,560.0,0.0
253,ME,2,1341.0,5718.0,1727.0,2147.0,503.0,0.0
254,ME,3,1111.0,4343.0,736.0,2089.0,407.0,0.0
255,ME,4,692.0,3425.0,656.0,1848.0,229.0,0.0
256,ME,5,440.0,3346.0,1078.0,1699.0,128.0,0.0
257,ME,6,285.0,3644.0,1692.0,1605.0,62.0,0.0
258,ME,7,300.0,3992.0,2103.0,1533.0,56.0,0.0
259,ME,8,292.0,5059.0,3105.0,1608.0,53.0,0.0
260,ME,9,320.0,4020.0,2218.0,1425.0,57.0,0.0
261,ME,10,520.0,4387.0,2059.0,1684.0,124.0,0.0
262,ME,11,924.0,4856.0,1688.0,1950.0,294.0,0.0
263,ME,12,1326.0,4965.0,1063.0,2114.0,462.0,0.0
264,MI,1,26213.0,118509.0,20019.0,17639.0,54637.0,0.0
265,MI,2,27645.0,125372.0,23676.0,17752.0,56299.0,0.0
266,MI,3,19438.0,81702.0,14300.0,15199.0,32765.0,0.0
267,MI,4,12373.0,65305.0,17615.0,13276.0,22042.0,0.0
268,MI,5,8678.0,50715.0,17303.0,11186.0,13547.0,0.0
269,MI,6,5102.0,46223.0,25025.0,10232.0,5863.0,0.0
270,MI,7,4748.0,46302.0,26085.0,10181.0,5288.0,0.0
271,MI,8,5300.0,48663.0,28101.0,9893.0,5369.0,0.0
272,MI,9,5201.0,41393.0,19369.0,10907.0,5916.0,0.0
273,MI,10,7955.0,54143.0,21354.0,11479.0,13355.0,0.0
274,MI,11,17074.0,89546.0,20345.0,14804.0,37324.0,0.0
275,MI,12,21671.0,100268.0,18861.0,16102.0,43634.0,0.0
276,MN,1,16242.0,61333.0,7303.0,14722.0,23019.0,47.0
277,MN,2,17293.0,60187.0,5696.0,12742.0,24414.0,42.0
278,MN,3,13365.0,47929.0,5028.0,13213.0,16277.0,47.0
279,MN,4,7870.0,36839.0,5412.0,13699.0,9813.0,45.0
280,MN,5,4898.0,28606.0,6893.0,11383.0,5385.0,47.0
281,MN,6,2596.0,27583.0,10020.0,12543.0,2379.0,45.0
282,MN,7,2942.0,26534.0,10876.0,10176.0,2494.0,47.0
283,MN,8,2999.0,25306.0,9752.0,9889.0,2620.0,47.0
284,MN,9,3007.0,22791.0,6415.0,10568.0,2756.0,45.0
285,MN,10,5572.0,31981.0,9130.0,11929.0,5303.0,47.0
286,MN,11,10456.0,47798.0,8828.0,14394.0,14074.0,45.0
287,MN,12,14954.0,63256.0,9087.0,17120.0,22049.0,47.0
288,MO,1,10911.0,44277.0,4490.0,6903.0,21954.0,19.0
289,MO,2,11763.0,47532.0,5647.0,7015.0,23090.0,17.0
290,MO,3,6321.0,23944.0,1659.0,5514.0,10431.0,19.0
291,MO,4,4416.0,18942.0,2893.0,5214.0,6400.0,18.0
292,MO,5,3221.0,14292.0,2419.0,4800.0,3833.0,19.0
293,MO,6,2252.0,16020.0,7320.0,4356.0,2074.0,18.0
294,MO,7,2163.0,16009.0,7529.0,4461.0,1837.0,19.0
295,MO,8,2185.0,16327.0,7877.0,4436.0,1809.0,19.0
296,MO,9,2373.0,13028.0,4311.0,4386.0,1940.0,18.0
297,MO,10,3469.0,15896.0,3707.0,5266.0,3435.0,19.0
298,MO,11,6245.0,27088.0,3701.0,5756.0,11367.0,18.0
299,MO,12,7132.0,29807.0,3087.0,6277.0,13293.0,19.0
300,MS,1,3194.0,54623.0,35387.0,11268.0,4772.0,1.0
301,MS,2,3144.0,48115.0,28963.0,11212.0,4796.0,1.0
302,MS,3,2087.0,35459.0,19973.0,10692.0,2706.0,1.0
303,MS,4,1363.0,41540.0,27997.0,10949.0,1231.0,1.0
304,MS,5,987.0,42129.0,28593.0,11750.0,797.0,1.0
305,MS,6,940.0,46360.0,33557.0,11332.0,530.0,1.0
306,MS,7,969.0,48744.0,36236.0,11010.0,529.0,1.0
307,MS,8,921.0,48254.0,35839.0,11020.0,473.0,1.0
308,MS,9,979.0,39929.0,27584.0,10831.0,534.0,1.0
309,MS,10,1174.0,38350.0,25680.0,10714.0,781.0,1.0
310,MS,11,1728.0,40358.0,25840.0,10790.0,1999.0,1.0
311,MS,12,1796.0,42279.0,27146.0,11187.0,2149.0,1.0
312,MT,1,3376.0,9723.0,341.0,2426.0,3580.0,0.0
313,MT,2,3727.0,10229.0,347.0,2267.0,3889.0,0.0
314,MT,3,2508.0,7525.0,347.0,2037.0,2633.0,0.0
315,MT,4,2164.0,6372.0,410.0,1988.0,1810.0,0.0
316,MT,5,1582.0,5063.0,335.0,2023.0,1123.0,0.0
317,MT,6,871.0,3583.0,486.0,1844.0,381.0,0.0
318,MT,7,901.0,3532.0,608.0,1775.0,248.0,0.0
319,MT,8,1221.0,4166.0,686.0,1853.0,406.0,0.0
320,MT,9,1246.0,4347.0,672.0,1878.0,550.0,0.0
321,MT,10,1764.0,5740.0,580.0,2134.0,1261.0,0.0
322,MT,11,2371.0,7303.0,374.0,2175.0,2382.0,0.0
323,MT,12,2938.0,8730.0,505.0,2444.0,2843.0,0.0
324,NC,1,9522.0,68729.0,29804.0,12084.0,17183.0,135.0
325,NC,2,8760.0,57350.0,21966.0,11573.0,14929.0,122.0
326,NC,3,5682.0,47284.0,22804.0,10886.0,7777.0,135.0
327,NC,4,3869.0,35204.0,17432.0,10041.0,3730.0,131.0
328,NC,5,2986.0,36651.0,21791.0,9551.0,2188.0,135.0
329,NC,6,2304.0,41335.0,28794.0,8979.0,1127.0,131.0
330,NC,7,2367.0,54394.0,41810.0,8933.0,1148.0,135.0
331,NC,8,2976.0,53632.0,39825.0,9365.0,1331.0,135.0
332,NC,9,2566.0,44405.0,31295.0,9242.0,1170.0,131.0
333,NC,10,3496.0,46759.0,31283.0,9732.0,2113.0,135.0
334,NC,11,6859.0,65669.0,38287.0,10998.0,9394.0,131.0
335,NC,12,5331.0,62003.0,35713.0,10848.0,9976.0,135.0
336,ND,1,2223.0,9601.0,1575.0,3835.0,1968.0,0.0
337,ND,2,2187.0,8677.0,1083.0,3477.0,1930.0,0.0
338,ND,3,1827.0,8121.0,1065.0,3612.0,1617.0,0.0
339,ND,4,1102.0,6719.0,1350.0,3294.0,973.0,0.0
340,ND,5,675.0,5766.0,1306.0,3295.0,490.0,0.0
341,ND,6,349.0,5396.0,1766.0,3070.0,211.0,0.0
342,ND,7,342.0,5144.0,1687.0,2955.0,160.0,0.0
343,ND,8,398.0,4950.0,1468.0,2898.0,186.0,0.0
344,ND,9,384.0,4326.0,931.0,2802.0,209.0,0.0
345,ND,10,912.0,5342.0,946.0,2885.0,598.0,0.0
346,ND,11,1607.0,6687.0,1016.0,2805.0,1258.0,0.0
347,ND,12,1847.0,8282.0,1344.0,3533.0,1557.0,0.0
348,NE,1,5125.0,21954.0,640.0,9068.0,7085.0,35.0
349,NE,2,6076.0,24062.0,1469.0,8229.0,8257.0,32.0
350,NE,3,3302.0,15917.0,456.0,7717.0,4406.0,35.0
351,NE,4,2099.0,11988.0,744.0,6731.0,2381.0,34.0
352,NE,5,1498.0,9946.0,413.0,6577.0,1423.0,35.0
353,NE,6,1586.0,11995.0,1521.0,7743.0,1112.0,34.0
354,NE,7,1256.0,12631.0,1832.0,8745.0,762.0,35.0
355,NE,8,1142.0,12034.0,1595.0,8606.0,656.0,35.0
356,NE,9,1188.0,9964.0,441.0,7579.0,723.0,34.0
357,NE,10,1478.0,11757.0,581.0,8727.0,937.0,35.0
358,NE,11,2945.0,15392.0,828.0,8249.0,3337.0,34.0
359,NE,12,4127.0,18611.0,757.0,8393.0,5299.0,35.0
360,NH,1,1773.0,6214.0,2041.0,904.0,1495.0,1.0
361,NH,2,1580.0,6143.0,2298.0,932.0,1331.0,1.0
362,NH,3,1240.0,3938.0,765.0,902.0,1030.0,1.0
363,NH,4,723.0,3682.0,1549.0,817.0,592.0,1.0
364,NH,5,407.0,3626.0,2243.0,655.0,320.0,1.0
365,NH,6,213.0,4621.0,3582.0,674.0,151.0,1.0
366,NH,7,221.0,5133.0,4056.0,698.0,156.0,1.0
367,NH,8,240.0,5531.0,4472.0,651.0,167.0,1.0
368,NH,9,267.0,4996.0,3908.0,647.0,172.0,1.0
369,NH,10,503.0,5606.0,4106.0,674.0,322.0,1.0
370,NH,11,689.0,3556.0,1636.0,728.0,502.0,1.0
371,NH,12,1481.0,4930.0,1447.0,802.0,1199.0,1.0
372,NJ,1,25662.0,91315.0,12254.0,6389.0,46973.0,38.0
373,NJ,2,23372.0,86804.0,13624.0,5727.0,44048.0,34.0
374,NJ,3,17257.0,64058.0,12358.0,4510.0,29895.0,38.0
375,NJ,4,10536.0,46669.0,13982.0,3812.0,18303.0,37.0
376,NJ,5,8074.0,37755.0,15077.0,4361.0,10205.0,38.0
377,NJ,6,7108.0,41455.0,22563.0,4680.0,7067.0,37.0
378,NJ,7,6781.0,43876.0,26716.0,5071.0,5270.0,38.0
379,NJ,8,6140.0,44248.0,28766.0,4595.0,4709.0,38.0
380,NJ,9,5004.0,35609.0,19655.0,5522.0,5391.0,37.0
381,NJ,10,7510.0,42537.0,23017.0,4924.0,7048.0,38.0
382,NJ,11,14045.0,58373.0,18743.0,5295.0,20254.0,37.0
383,NJ,12,18594.0,71393.0,14399.0,5300.0,33063.0,38.0
384,NM,1,4219.0,19650.0,6895.0,1462.0,7040.0,34.0
385,NM,2,3547.0,16945.0,5916.0,1407.0,6045.0,30.0
386,NM,3,3147.0,15867.0,6059.0,1486.0,5141.0,34.0
387,NM,4,1650.0,11045.0,5615.0,1403.0,2346.0,33.0
388,NM,5,1309.0,12027.0,7664.0,1487.0,1533.0,34.0
389,NM,6,1176.0,12461.0,8780.0,1396.0,1076.0,33.0
390,NM,7,1225.0,12867.0,9211.0,1553.0,845.0,34.0
391,NM,8,1210.0,12518.0,9106.0,1352.0,817.0,34.0
392,NM,9,1333.0,10927.0,7311.0,1326.0,924.0,33.0
393,NM,10,2112.0,10083.0,5039.0,1343.0,1556.0,34.0
394,NM,11,2967.0,12734.0,5275.0,1353.0,3106.0,33.0
395,NM,12,3050.0,14838.0,5106.0,1518.0,5131.0,34.0
396,NV,1,4056.0,29747.0,15530.0,1612.0,8451.0,97.0
397,NV,2,3501.0,25160.0,12949.0,1427.0,7194.0,88.0
398,NV,3,3376.0,25604.0,14431.0,1665.0,6036.0,97.0
399,NV,4,2250.0,20832.0,14012.0,1498.0,2979.0,94.0
400,NV,5,2034.0,19552.0,13510.0,1393.0,2519.0,97.0
401,NV,6,1859.0,25474.0,20541.0,1324.0,1656.0,94.0
402,NV,7,1690.0,28238.0,23600.0,1368.0,1483.0,97.0
403,NV,8,1610.0,26735.0,22418.0,1346.0,1264.0,97.0
404,NV,9,1733.0,23140.0,18398.0,1392.0,1523.0,94.0
405,NV,10,2319.0,19534.0,13271.0,1523.0,2323.0,97.0
406,NV,11,2637.0,20271.0,13002.0,1404.0,3133.0,94.0
407,NV,12,3674.0,25997.0,14333.0,1607.0,6285.0,97.0
408,NY,1,43052.0,170335.0,35627.0,9046.0,82514.0,96.0
409,NY,2,41896.0,162601.0,31155.0,9240.0,80223.0,87.0
410,NY,3,32623.0,130778.0,29200.0,8360.0,60499.0,96.0
411,NY,4,22755.0,89675.0,23769.0,7647.0,35410.0,93.0
412,NY,5,17033.0,77250.0,31393.0,6504.0,22224.0,96.0
413,NY,6,14230.0,81297.0,46714.0,5996.0,14263.0,93.0
414,NY,7,14366.0,84198.0,51676.0,6874.0,11187.0,96.0
415,NY,8,13858.0,88564.0,57023.0,7208.0,10379.0,96.0
416,NY,9,14493.0,68150.0,36757.0,6337.0,10469.0,93.0
417,NY,10,16316.0,74137.0,35604.0,6565.0,15556.0,96.0
418,NY,11,30934.0,113306.0,33723.0,7832.0,40725.0,93.0
419,NY,12,36244.0,141280.0,34704.0,8122.0,62114.0,96.0
420,OH,1,29287.0,146512.0,33832.0,30725.0,52575.0,94.0
421,OH,2,29833.0,144548.0,28928.0,31463.0,54240.0,85.0
422,OH,3,19231.0,112327.0,30093.0,30011.0,32898.0,94.0
423,OH,4,13044.0,85588.0,25921.0,26336.0,20196.0,91.0
424,OH,5,8677.0,75608.0,30549.0,22860.0,13428.0,94.0
425,OH,6,5817.0,63569.0,30197.0,21257.0,6207.0,91.0
426,OH,7,4994.0,65543.0,34156.0,21760.0,4539.0,94.0
427,OH,8,5093.0,70100.0,37954.0,22583.0,4376.0,94.0
428,OH,9,5374.0,60768.0,27797.0,22433.0,5074.0,91.0
429,OH,10,8358.0,77869.0,36280.0,22956.0,10181.0,94.0
430,OH,11,18891.0,115887.0,36163.0,29627.0,31116.0,91.0
431,OH,12,20850.0,123671.0,36871.0,28009.0,37847.0,94.0
432,OK,1,7787.0,65666.0,23349.0,20275.0,14107.0,149.0
433,OK,2,8455.0,59575.0,22334.0,13743.0,14908.0,135.0
434,OK,3,4628.0,45524.0,14444.0,19506.0,6797.0,149.0
435,OK,4,3153.0,39874.0,14488.0,17795.0,4294.0,145.0
436,OK,5,2204.0,40178.0,17174.0,18214.0,2438.0,149.0
437,OK,6,1673.0,46004.0,28854.0,13868.0,1464.0,145.0
438,OK,7,1619.0,54596.0,35192.0,16309.0,1325.0,149.0
439,OK,8,1665.0,54314.0,35194.0,16002.0,1303.0,149.0
440,OK,9,1748.0,45411.0,25072.0,17123.0,1324.0,145.0
441,OK,10,2219.0,42508.0,19721.0,18373.0,2046.0,149.0
442,OK,11,3967.0,42525.0,14636.0,17698.0,6079.0,145.0
443,OK,12,4715.0,45328.0,14065.0,18605.0,7793.0,149.0
444,OR,1,4019.0,28677.0,12194.0,5467.0,6992.0,3.0
445,OR,2,4063.0,27805.0,11575.0,5094.0,7070.0,3.0
446,OR,3,3686.0,28002.0,12827.0,5476.0,6009.0,3.0
447,OR,4,2204.0,21614.0,11440.0,4851.0,3116.0,3.0
448,OR,5,1586.0,14704.0,6376.0,4622.0,2116.0,3.0
449,OR,6,1058.0,16672.0,10229.0,4142.0,1241.0,3.0
450,OR,7,920.0,20683.0,14780.0,4031.0,949.0,3.0
451,OR,8,958.0,21458.0,15294.0,4250.0,953.0,3.0
452,OR,9,1159.0,21407.0,14600.0,4362.0,1282.0,3.0
453,OR,10,2304.0,23317.0,12530.0,5012.0,3467.0,3.0
454,OR,11,3023.0,25555.0,12524.0,5044.0,4961.0,3.0
455,OR,12,4720.0,31967.0,13446.0,5759.0,8039.0,3.0
456,PA,1,26550.0,167694.0,72209.0,22939.0,45851.0,145.0
457,PA,2,23644.0,155749.0,65377.0,24443.0,42153.0,131.0
458,PA,3,16541.0,131138.0,64146.0,22362.0,27944.0,145.0
459,PA,4,10974.0,101788.0,55534.0,19169.0,15971.0,140.0
460,PA,5,7422.0,100808.0,65213.0,18271.0,9757.0,145.0
461,PA,6,5258.0,103629.0,75257.0,17903.0,5070.0,140.0
462,PA,7,4785.0,109451.0,83370.0,17234.0,3917.0,145.0
463,PA,8,4938.0,110778.0,83162.0,18704.0,3830.0,145.0
464,PA,9,5200.0,101750.0,75530.0,16851.0,4030.0,140.0
465,PA,10,7658.0,100734.0,66599.0,19291.0,7041.0,145.0
466,PA,11,18965.0,134516.0,68327.0,21791.0,25293.0,140.0
467,PA,12,22486.0,157698.0,77520.0,21950.0,35596.0,145.0
468,RI,1,2063.0,9939.0,3485.0,808.0,3574.0,8.0
469,RI,2,1823.0,8294.0,2507.0,812.0,3144.0,8.0
470,RI,3,1530.0,8427.0,3628.0,750.0,2512.0,8.0
471,RI,4,910.0,6727.0,3642.0,768.0,1400.0,8.0
472,RI,5,496.0,6146.0,4238.0,680.0,722.0,8.0
473,RI,6,281.0,7681.0,6314.0,652.0,427.0,8.0
474,RI,7,268.0,8083.0,6746.0,646.0,415.0,8.0
475,RI,8,253.0,8608.0,7303.0,621.0,422.0,8.0
476,RI,9,271.0,7773.0,6439.0,653.0,401.0,8.0
477,RI,10,459.0,9456.0,7624.0,640.0,724.0,8.0
478,RI,11,1242.0,9414.0,5361.0,657.0,2146.0,8.0
479,RI,12,1639.0,9746.0,4632.0,772.0,2693.0,8.0
480,SC,1,3310.0,33481.0,13122.0,9389.0,7652.0,8.0
481,SC,2,3161.0,28215.0,10626.0,7769.0,6652.0,7.0
482,SC,3,2243.0,24226.0,9485.0,8828.0,3662.0,8.0
483,SC,4,1975.0,25945.0,14150.0,7882.0,1930.0,8.0
484,SC,5,1780.0,24727.0,13569.0,8413.0,957.0,8.0
485,SC,6,1625.0,25395.0,15378.0,7550.0,834.0,8.0
486,SC,7,1486.0,27191.0,17179.0,7859.0,658.0,8.0
487,SC,8,1555.0,29045.0,18604.0,8175.0,703.0,8.0
488,SC,9,1449.0,26583.0,16541.0,7892.0,694.0,8.0
489,SC,10,1942.0,27630.0,16391.0,8245.0,1045.0,8.0
490,SC,11,2859.0,31231.0,15325.0,8883.0,4157.0,8.0
491,SC,12,2469.0,33210.0,17561.0,8908.0,4263.0,8.0
492,SD,1,1745.0,8744.0,384.0,4513.0,2101.0,0.0
493,SD,2,1928.0,9713.0,872.0,4473.0,2440.0,0.0
494,SD,3,1546.0,7595.0,311.0,3878.0,1860.0,0.0
495,SD,4,966.0,7087.0,863.0,4190.0,1068.0,0.0
496,SD,5,589.0,5843.0,656.0,3954.0,644.0,0.0
497,SD,6,313.0,6026.0,1557.0,3922.0,234.0,0.0
498,SD,7,326.0,5921.0,1710.0,3679.0,207.0,0.0
499,SD,8,329.0,5923.0,1689.0,3701.0,204.0,0.0
500,SD,9,346.0,4640.0,482.0,3594.0,218.0,0.0
501,SD,10,686.0,5861.0,891.0,3779.0,505.0,0.0
502,SD,11,1127.0,7533.0,864.0,4390.0,1152.0,0.0
503,SD,12,1560.0,8934.0,901.0,4659.0,1815.0,0.0
504,TN,1,9995.0,51709.0,10442.0,14184.0,17056.0,32.0
505,TN,2,10263.0,49147.0,8214.0,13074.0,17567.0,29.0
506,TN,3,5496.0,31961.0,5984.0,12721.0,7728.0,32.0
507,TN,4,4294.0,26056.0,4542.0,12894.0,4295.0,31.0
508,TN,5,3221.0,24020.0,5976.0,12230.0,2561.0,32.0
509,TN,6,2575.0,26981.0,10940.0,12048.0,1387.0,31.0
510,TN,7,2445.0,28789.0,12903.0,12209.0,1200.0,32.0
511,TN,8,2392.0,28001.0,12388.0,12177.0,1012.0,32.0
512,TN,9,2711.0,25060.0,8929.0,12019.0,1370.0,31.0
513,TN,10,3594.0,22485.0,5383.0,11526.0,1951.0,32.0
514,TN,11,5778.0,33507.0,6826.0,13969.0,6903.0,31.0
515,TN,12,5803.0,35085.0,6050.0,14516.0,8685.0,32.0
516,TX,1,24638.0,361903.0,113820.0,178191.0,45173.0,80.0
517,TX,2,25894.0,335215.0,125874.0,132988.0,50386.0,72.0
518,TX,3,16980.0,282860.0,89081.0,150331.0,26389.0,80.0
519,TX,4,14233.0,297643.0,112387.0,158615.0,12331.0,77.0
520,TX,5,10890.0,301182.0,119157.0,162278.0,8778.0,80.0
521,TX,6,10881.0,349278.0,172535.0,158888.0,6897.0,77.0
522,TX,7,11506.0,379649.0,193281.0,168108.0,6673.0,80.0
523,TX,8,11347.0,382962.0,196140.0,169214.0,6182.0,80.0
524,TX,9,11117.0,341704.0,158960.0,165542.0,6008.0,77.0
525,TX,10,12008.0,319987.0,136791.0,163143.0,7965.0,80.0
526,TX,11,15388.0,304836.0,103728.0,169491.0,16153.0,77.0
527,TX,12,16495.0,318849.0,104727.0,179283.0,18264.0,80.0
528,UT,1,7190.0,30051.0,5890.0,3877.0,13069.0,25.0
529,UT,2,6483.0,25411.0,4930.0,3802.0,10174.0,22.0
530,UT,3,5150.0,22603.0,5124.0,3385.0,8919.0,25.0
531,UT,4,3318.0,18008.0,5426.0,3598.0,5643.0,24.0
532,UT,5,1921.0,14290.0,6036.0,3242.0,3067.0,25.0
533,UT,6,1913.0,15490.0,8041.0,3078.0,2435.0,24.0
534,UT,7,1784.0,15724.0,9078.0,2839.0,2000.0,25.0
535,UT,8,1236.0,13794.0,8115.0,2872.0,1546.0,25.0
536,UT,9,1539.0,12499.0,5893.0,3060.0,1983.0,24.0
537,UT,10,2010.0,12408.0,4053.0,3127.0,3193.0,25.0
538,UT,11,4667.0,21646.0,6322.0,3254.0,7379.0,24.0
539,UT,12,6759.0,29667.0,7048.0,3614.0,12221.0,25.0
540,VA,1,11305.0,72405.0,32329.0,11219.0,17495.0,57.0
541,VA,2,9902.0,58535.0,24677.0,9179.0,14725.0,52.0
542,VA,3,6869.0,61135.0,33225.0,10597.0,10386.0,57.0
543,VA,4,5535.0,50304.0,30908.0,8253.0,5552.0,55.0
544,VA,5,3523.0,40666.0,25235.0,9125.0,2726.0,57.0
545,VA,6,3254.0,51079.0,36445.0,9509.0,1816.0,55.0
546,VA,7,3170.0,53963.0,39495.0,9577.0,1664.0,57.0
547,VA,8,3236.0,53729.0,40631.0,8336.0,1469.0,57.0
548,VA,9,3505.0,43374.0,28939.0,9193.0,1682.0,55.0
549,VA,10,4386.0,42284.0,27591.0,7760.0,2489.0,57.0
550,VA,11,8400.0,56153.0,30617.0,7400.0,9680.0,55.0
551,VA,12,8246.0,63915.0,31810.0,12225.0,11577.0,57.0
552,VT,1,988.0,1886.0,1.0,238.0,656.0,3.0
553,VT,2,894.0,1750.0,,214.0,639.0,3.0
554,VT,3,768.0,1519.0,,211.0,538.0,3.0
555,VT,4,546.0,1039.0,,159.0,332.0,3.0
556,VT,5,420.0,782.0,1.0,152.0,207.0,3.0
557,VT,6,369.0,610.0,1.0,131.0,107.0,3.0
558,VT,7,418.0,646.0,1.0,136.0,88.0,3.0
559,VT,8,420.0,641.0,1.0,136.0,81.0,3.0
560,VT,9,396.0,618.0,1.0,135.0,84.0,3.0
561,VT,10,546.0,829.0,1.0,147.0,132.0,3.0
562,VT,11,807.0,1329.0,0.0,177.0,343.0,3.0
563,VT,12,906.0,1619.0,1.0,185.0,525.0,3.0
564,WA,1,7229.0,35756.0,7570.0,7878.0,13067.0,12.0
565,WA,2,7784.0,35176.0,7213.0,6865.0,13304.0,11.0
566,WA,3,6519.0,36337.0,11229.0,7794.0,10784.0,12.0
567,WA,4,4307.0,26267.0,8784.0,6759.0,6405.0,11.0
568,WA,5,3296.0,17765.0,3934.0,6339.0,4185.0,12.0
569,WA,6,2387.0,18991.0,8095.0,6015.0,2483.0,11.0
570,WA,7,2215.0,22131.0,12201.0,5708.0,1995.0,12.0
571,WA,8,2211.0,22703.0,12861.0,5730.0,1890.0,12.0
572,WA,9,2591.0,23711.0,12234.0,6207.0,2668.0,11.0
573,WA,10,4359.0,27741.0,9430.0,6961.0,6979.0,12.0
574,WA,11,6061.0,31692.0,9189.0,6740.0,9691.0,11.0
575,WA,12,8608.0,41854.0,9464.0,7715.0,16056.0,12.0
576,WI,1,15930.0,71111.0,13557.0,17194.0,24389.0,40.0
577,WI,2,16506.0,70121.0,10133.0,17238.0,26207.0,36.0
578,WI,3,12145.0,52002.0,11013.0,13783.0,15021.0,40.0
579,WI,4,7015.0,40103.0,10978.0,12015.0,10056.0,38.0
580,WI,5,5789.0,31273.0,9645.0,10091.0,5708.0,40.0
581,WI,6,3283.0,30171.0,15126.0,9212.0,2512.0,38.0
582,WI,7,3295.0,30903.0,15781.0,9318.0,2469.0,40.0
583,WI,8,3655.0,31630.0,15792.0,9819.0,2325.0,40.0
584,WI,9,3435.0,27180.0,11232.0,9945.0,2529.0,38.0
585,WI,10,5426.0,35181.0,13160.0,11261.0,5295.0,40.0
586,WI,11,11444.0,52006.0,11415.0,13757.0,15351.0,38.0
587,WI,12,12981.0,61571.0,11837.0,16208.0,20505.0,40.0
588,WV,1,3505.0,12874.0,805.0,3586.0,4976.0,0.0
589,WV,2,3271.0,11629.0,518.0,3124.0,4715.0,0.0
590,WV,3,2460.0,9783.0,867.0,3457.0,2999.0,0.0
591,WV,4,1813.0,8601.0,2026.0,2843.0,1918.0,0.0
592,WV,5,1285.0,7385.0,1914.0,3136.0,1050.0,0.0
593,WV,6,847.0,6294.0,2257.0,2876.0,314.0,0.0
594,WV,7,901.0,6112.0,1954.0,2991.0,264.0,0.0
595,WV,8,1001.0,6366.0,1891.0,3171.0,301.0,0.0
596,WV,9,1122.0,5566.0,1028.0,2958.0,459.0,0.0
597,WV,10,1419.0,7851.0,2505.0,3096.0,830.0,0.0
598,WV,11,2481.0,11295.0,2703.0,3299.0,2811.0,0.0
599,WV,12,2587.0,10313.0,1076.0,3470.0,3180.0,0.0
600,WY,1,1829.0,9067.0,280.0,4835.0,2122.0,1.0
601,WY,2,1905.0,9022.0,319.0,4582.0,2215.0,1.0
602,WY,3,1355.0,7751.0,369.0,4463.0,1562.0,1.0
603,WY,4,1070.0,6720.0,856.0,3647.0,1146.0,1.0
604,WY,5,960.0,6317.0,645.0,3742.0,969.0,1.0
605,WY,6,744.0,5808.0,1105.0,3378.0,580.0,1.0
606,WY,7,310.0,5270.0,1156.0,3618.0,186.0,1.0
607,WY,8,274.0,4954.0,946.0,3560.0,173.0,1.0
608,WY,9,302.0,5204.0,1002.0,3703.0,195.0,1.0
609,WY,10,455.0,5282.0,386.0,4067.0,373.0,1.0
610,WY,11,1301.0,7676.0,498.0,4506.0,1369.0,1.0
611,WY,12,1789.0,8704.0,358.0,4602.0,1954.0,1.0
